internal_uri,ecr_uri
vmvm-registry.fbinfra.net/repomate_image_activ_builtin/00mjk_quil-rust:80df1f3e2d3dc29d0e6d622fc3096d96b924f9a4,004669175958.dkr.ecr.us-east-1.amazonaws.com/repomate_image_activ_builtin/00mjk_quil-rust:80df1f3e2d3dc29d0e6d622fc3096d96b924f9a4
vmvm-registry.fbinfra.net/repomate_image_activ_builtin/alloy-rs_op-alloy:42d8b529cd875dc371de9354603179ab93a1c0f7,004669175958.dkr.ecr.us-east-1.amazonaws.com/repomate_image_activ_builtin/alloy-rs_op-alloy:42d8b529cd875dc371de9354603179ab93a1c0f7
vmvm-registry.fbinfra.net/repomate_image_activ_builtin/andromedaprotocol_andromeda-core:f4e8e09d93a04855fbf9336910cca1ed3c0496c5,004669175958.dkr.ecr.us-east-1.amazonaws.com/repomate_image_activ_builtin/andromedaprotocol_andromeda-core:f4e8e09d93a04855fbf9336910cca1ed3c0496c5
vmvm-registry.fbinfra.net/repomate_image_activ_builtin/astral-sh_uv:bd03243dd58e2ca53e919c2355a6fca929121fb7,004669175958.dkr.ecr.us-east-1.amazonaws.com/repomate_image_activ_builtin/astral-sh_uv:bd03243dd58e2ca53e919c2355a6fca929121fb7
vmvm-registry.fbinfra.net/repomate_image_activ_builtin/automerge_automerge-rs:3229548fc7393bf55a401e328ab677e14694522e,004669175958.dkr.ecr.us-east-1.amazonaws.com/repomate_image_activ_builtin/automerge_automerge-rs:3229548fc7393bf55a401e328ab677e14694522e
vmvm-registry.fbinfra.net/repomate_image_activ_builtin/bhagdave_p2p-play:7f2fe4434361dd40d8b90894419cdf79563e2ac3,004669175958.dkr.ecr.us-east-1.amazonaws.com/repomate_image_activ_builtin/bhagdave_p2p-play:7f2fe4434361dd40d8b90894419cdf79563e2ac3
vmvm-registry.fbinfra.net/repomate_image_activ_builtin/centrifuge_centrifuge-chain:1dca7e73c6b487d2bd420abb3ca8b878bfa56dc5,004669175958.dkr.ecr.us-east-1.amazonaws.com/repomate_image_activ_builtin/centrifuge_centrifuge-chain:1dca7e73c6b487d2bd420abb3ca8b878bfa56dc5
vmvm-registry.fbinfra.net/repomate_image_activ_builtin/clap-rs_clap:1d5c6798dc16db0b8130a0c73c8a5d818ec22131,004669175958.dkr.ecr.us-east-1.amazonaws.com/repomate_image_activ_builtin/clap-rs_clap:1d5c6798dc16db0b8130a0c73c8a5d818ec22131
vmvm-registry.fbinfra.net/repomate_image_activ_builtin/contextgeneric_cgp:106990f2fd3bcb59544b3d673dc4321f30098ea4,004669175958.dkr.ecr.us-east-1.amazonaws.com/repomate_image_activ_builtin/contextgeneric_cgp:106990f2fd3bcb59544b3d673dc4321f30098ea4
vmvm-registry.fbinfra.net/repomate_image_activ_builtin/cosmian_kms:5dc032c1da7f97fa8db76bf4c6bca047f80c1799,004669175958.dkr.ecr.us-east-1.amazonaws.com/repomate_image_activ_builtin/cosmian_kms:5dc032c1da7f97fa8db76bf4c6bca047f80c1799
vmvm-registry.fbinfra.net/repomate_image_activ_builtin/cqcl_hugr:e7473f2ae6c07059f85ffe9b6d1ce069dd0292cb,004669175958.dkr.ecr.us-east-1.amazonaws.com/repomate_image_activ_builtin/cqcl_hugr:e7473f2ae6c07059f85ffe9b6d1ce069dd0292cb
vmvm-registry.fbinfra.net/repomate_image_activ_builtin/doumanash_oxipng:fd5027a017ea6656bfffb94a8f20a2a4369dab03,004669175958.dkr.ecr.us-east-1.amazonaws.com/repomate_image_activ_builtin/doumanash_oxipng:fd5027a017ea6656bfffb94a8f20a2a4369dab03
vmvm-registry.fbinfra.net/repomate_image_activ_builtin/emarc99_akkuea:0300d14aedd0fedb0edd74ce8631c713a62d6412,004669175958.dkr.ecr.us-east-1.amazonaws.com/repomate_image_activ_builtin/emarc99_akkuea:0300d14aedd0fedb0edd74ce8631c713a62d6412
vmvm-registry.fbinfra.net/repomate_image_activ_builtin/fiberplane_fp-bindgen:de72d30de96a019de80c90069251a851a926101d,004669175958.dkr.ecr.us-east-1.amazonaws.com/repomate_image_activ_builtin/fiberplane_fp-bindgen:de72d30de96a019de80c90069251a851a926101d
vmvm-registry.fbinfra.net/repomate_image_activ_builtin/filecoin-project_builtin-actors:ea76792bd213161e26663c788249de735d04f549,004669175958.dkr.ecr.us-east-1.amazonaws.com/repomate_image_activ_builtin/filecoin-project_builtin-actors:ea76792bd213161e26663c788249de735d04f549
vmvm-registry.fbinfra.net/repomate_image_activ_builtin/fuellabs_fuelup:760660e67bc03ce37fa87602b7e25374635ebd5c,004669175958.dkr.ecr.us-east-1.amazonaws.com/repomate_image_activ_builtin/fuellabs_fuelup:760660e67bc03ce37fa87602b7e25374635ebd5c
vmvm-registry.fbinfra.net/repomate_image_activ_builtin/fuellabs_fuelup:791e9e6aecffaa9ddf3030d440b5cc7212a69c1a,004669175958.dkr.ecr.us-east-1.amazonaws.com/repomate_image_activ_builtin/fuellabs_fuelup:791e9e6aecffaa9ddf3030d440b5cc7212a69c1a
vmvm-registry.fbinfra.net/repomate_image_activ_builtin/fyroxengine_fyrox:87c2f0f2c90cb9bbfbc4d70c36d12436b1c7ee18,004669175958.dkr.ecr.us-east-1.amazonaws.com/repomate_image_activ_builtin/fyroxengine_fyrox:87c2f0f2c90cb9bbfbc4d70c36d12436b1c7ee18
vmvm-registry.fbinfra.net/repomate_image_activ_builtin/henrytill_noematic:5240e26d610367b8e8e066c7e1df610cd1bbc4d3,004669175958.dkr.ecr.us-east-1.amazonaws.com/repomate_image_activ_builtin/henrytill_noematic:5240e26d610367b8e8e066c7e1df610cd1bbc4d3
vmvm-registry.fbinfra.net/repomate_image_activ_builtin/janssenproject_jans:396551ec723b18eb02a7f0c69740fa69c3e2d5de,004669175958.dkr.ecr.us-east-1.amazonaws.com/repomate_image_activ_builtin/janssenproject_jans:396551ec723b18eb02a7f0c69740fa69c3e2d5de
vmvm-registry.fbinfra.net/repomate_image_activ_builtin/janssenproject_jans:927befcf0cf16ffc96436f2317bf7f7fd70a1f65,004669175958.dkr.ecr.us-east-1.amazonaws.com/repomate_image_activ_builtin/janssenproject_jans:927befcf0cf16ffc96436f2317bf7f7fd70a1f65
vmvm-registry.fbinfra.net/repomate_image_activ_builtin/jfryy_systemd-lsp:735b3b238740f3d4b5236c8b51695a3bd2eff258,004669175958.dkr.ecr.us-east-1.amazonaws.com/repomate_image_activ_builtin/jfryy_systemd-lsp:735b3b238740f3d4b5236c8b51695a3bd2eff258
vmvm-registry.fbinfra.net/repomate_image_activ_builtin/josiahparry_geo:b2dd81111f474c84ee37b5e927dbbf3ae3df8306,004669175958.dkr.ecr.us-east-1.amazonaws.com/repomate_image_activ_builtin/josiahparry_geo:b2dd81111f474c84ee37b5e927dbbf3ae3df8306
vmvm-registry.fbinfra.net/repomate_image_activ_builtin/kako-jun_lawkit:4024bfef96b7e800afea33e5f296830f18c201d7,004669175958.dkr.ecr.us-east-1.amazonaws.com/repomate_image_activ_builtin/kako-jun_lawkit:4024bfef96b7e800afea33e5f296830f18c201d7
vmvm-registry.fbinfra.net/repomate_image_activ_builtin/kneasle_sapling:339b17fc2c0165900c3856a50199800dc23c9e3a,004669175958.dkr.ecr.us-east-1.amazonaws.com/repomate_image_activ_builtin/kneasle_sapling:339b17fc2c0165900c3856a50199800dc23c9e3a
vmvm-registry.fbinfra.net/repomate_image_activ_builtin/kobzol_cargo-pgo:71de65734bb4ae0a44542cdbe7780e0a1316f402,004669175958.dkr.ecr.us-east-1.amazonaws.com/repomate_image_activ_builtin/kobzol_cargo-pgo:71de65734bb4ae0a44542cdbe7780e0a1316f402
vmvm-registry.fbinfra.net/repomate_image_activ_builtin/linusu_aws-lambda-rust-runtime:ebc5474b303930b95ff612a49ea15c09a5bfba48,004669175958.dkr.ecr.us-east-1.amazonaws.com/repomate_image_activ_builtin/linusu_aws-lambda-rust-runtime:ebc5474b303930b95ff612a49ea15c09a5bfba48
vmvm-registry.fbinfra.net/repomate_image_activ_builtin/lucascool12_roaring-rs:9496afe1e6ad93a8875f901c2579761f7acdc5b0,004669175958.dkr.ecr.us-east-1.amazonaws.com/repomate_image_activ_builtin/lucascool12_roaring-rs:9496afe1e6ad93a8875f901c2579761f7acdc5b0
vmvm-registry.fbinfra.net/repomate_image_activ_builtin/mehcode_config-rs:20d37720b0342e68cd3c8c2c2a437b8634ec3642,004669175958.dkr.ecr.us-east-1.amazonaws.com/repomate_image_activ_builtin/mehcode_config-rs:20d37720b0342e68cd3c8c2c2a437b8634ec3642
vmvm-registry.fbinfra.net/repomate_image_activ_builtin/meilisearch_milli:f55034ed54a33a6b455f8bd6623d7df72276e3e3,004669175958.dkr.ecr.us-east-1.amazonaws.com/repomate_image_activ_builtin/meilisearch_milli:f55034ed54a33a6b455f8bd6623d7df72276e3e3
vmvm-registry.fbinfra.net/repomate_image_activ_builtin/metalbear-co_mirrord:cc02ec2e081ef366fda42eba3e05bfabb290bf35,004669175958.dkr.ecr.us-east-1.amazonaws.com/repomate_image_activ_builtin/metalbear-co_mirrord:cc02ec2e081ef366fda42eba3e05bfabb290bf35
vmvm-registry.fbinfra.net/repomate_image_activ_builtin/metrics-rs_metrics:67d5100f6d4c1d52efcc1cc5c3b1987e83ebffd8,004669175958.dkr.ecr.us-east-1.amazonaws.com/repomate_image_activ_builtin/metrics-rs_metrics:67d5100f6d4c1d52efcc1cc5c3b1987e83ebffd8
vmvm-registry.fbinfra.net/repomate_image_activ_builtin/mohamedtaoufik_nushell:15ebf45f46385b5883237a0917d0381961005901,004669175958.dkr.ecr.us-east-1.amazonaws.com/repomate_image_activ_builtin/mohamedtaoufik_nushell:15ebf45f46385b5883237a0917d0381961005901
vmvm-registry.fbinfra.net/repomate_image_activ_builtin/n0-computer_iroh:3645a2d2b5e30f515c6c7ffd8e6fb06b3137a8b1,004669175958.dkr.ecr.us-east-1.amazonaws.com/repomate_image_activ_builtin/n0-computer_iroh:3645a2d2b5e30f515c6c7ffd8e6fb06b3137a8b1
vmvm-registry.fbinfra.net/repomate_image_activ_builtin/ncatelli_spasm:e1b8654d8315957aab48e59abe50f9a0aa7072a8,004669175958.dkr.ecr.us-east-1.amazonaws.com/repomate_image_activ_builtin/ncatelli_spasm:e1b8654d8315957aab48e59abe50f9a0aa7072a8
vmvm-registry.fbinfra.net/repomate_image_activ_builtin/obmarg_cynic:0910ef6b1c98299feab5636c546c7c1f09ddf50b,004669175958.dkr.ecr.us-east-1.amazonaws.com/repomate_image_activ_builtin/obmarg_cynic:0910ef6b1c98299feab5636c546c7c1f09ddf50b
vmvm-registry.fbinfra.net/repomate_image_activ_builtin/polytorus_polytorus:42281ce802e28cad3a38322630469c718b0ae81e,004669175958.dkr.ecr.us-east-1.amazonaws.com/repomate_image_activ_builtin/polytorus_polytorus:42281ce802e28cad3a38322630469c718b0ae81e
vmvm-registry.fbinfra.net/repomate_image_activ_builtin/quantco_pixi-pack:ae619ca33581157a8fd4b7eb764d1cdf99ff5ca3,004669175958.dkr.ecr.us-east-1.amazonaws.com/repomate_image_activ_builtin/quantco_pixi-pack:ae619ca33581157a8fd4b7eb764d1cdf99ff5ca3
vmvm-registry.fbinfra.net/repomate_image_activ_builtin/quilt_etk:b2045abe61a1a8b1428f75af371c3f89b4959fa2,004669175958.dkr.ecr.us-east-1.amazonaws.com/repomate_image_activ_builtin/quilt_etk:b2045abe61a1a8b1428f75af371c3f89b4959fa2
vmvm-registry.fbinfra.net/repomate_image_activ_builtin/roadster-rs_roadster:9f1a5e9076c449b946002dc10ec44818c0bc569a,004669175958.dkr.ecr.us-east-1.amazonaws.com/repomate_image_activ_builtin/roadster-rs_roadster:9f1a5e9076c449b946002dc10ec44818c0bc569a
vmvm-registry.fbinfra.net/repomate_image_activ_builtin/rust-analyzer_rust-analyzer:2e09a96f82d4ba15de2c8b8fbbe40fd78e21c185,004669175958.dkr.ecr.us-east-1.amazonaws.com/repomate_image_activ_builtin/rust-analyzer_rust-analyzer:2e09a96f82d4ba15de2c8b8fbbe40fd78e21c185
vmvm-registry.fbinfra.net/repomate_image_activ_builtin/seaofvoices_darklua:5aca6e4878f073210e298b32caaa4f9dac1e6993,004669175958.dkr.ecr.us-east-1.amazonaws.com/repomate_image_activ_builtin/seaofvoices_darklua:5aca6e4878f073210e298b32caaa4f9dac1e6993
vmvm-registry.fbinfra.net/repomate_image_activ_builtin/sharkdp_numbat:afd3a57b9b59a8af325565aae622b88df9020599,004669175958.dkr.ecr.us-east-1.amazonaws.com/repomate_image_activ_builtin/sharkdp_numbat:afd3a57b9b59a8af325565aae622b88df9020599
vmvm-registry.fbinfra.net/repomate_image_activ_builtin/smol-dot_smoldot:c0c5d2166cda6b62315fb2a1a0cfde6a626fd371,004669175958.dkr.ecr.us-east-1.amazonaws.com/repomate_image_activ_builtin/smol-dot_smoldot:c0c5d2166cda6b62315fb2a1a0cfde6a626fd371
vmvm-registry.fbinfra.net/repomate_image_activ_builtin/subconsciousnetwork_noosphere:d33492a875af0fa85fb6ef0e1440c335e5ee7c60,004669175958.dkr.ecr.us-east-1.amazonaws.com/repomate_image_activ_builtin/subconsciousnetwork_noosphere:d33492a875af0fa85fb6ef0e1440c335e5ee7c60
vmvm-registry.fbinfra.net/repomate_image_activ_builtin/svix_svix-webhooks:91cd8ee856d572e5fa7e4371582627c44cfcb284,004669175958.dkr.ecr.us-east-1.amazonaws.com/repomate_image_activ_builtin/svix_svix-webhooks:91cd8ee856d572e5fa7e4371582627c44cfcb284
vmvm-registry.fbinfra.net/repomate_image_activ_builtin/unicode-org_icu4x:d320b0439d7cc48d2b9ac579245f43a16c439705,004669175958.dkr.ecr.us-east-1.amazonaws.com/repomate_image_activ_builtin/unicode-org_icu4x:d320b0439d7cc48d2b9ac579245f43a16c439705
vmvm-registry.fbinfra.net/repomate_image_activ_builtin/uutils_coreutils:9fbb6aca3c1b86f8acba301cbea66dd224491980,004669175958.dkr.ecr.us-east-1.amazonaws.com/repomate_image_activ_builtin/uutils_coreutils:9fbb6aca3c1b86f8acba301cbea66dd224491980
vmvm-registry.fbinfra.net/repomate_image_activ_builtin/ygohko_zatsu:a5392d09c187d6af14f4c95601fc98349fc757e6,004669175958.dkr.ecr.us-east-1.amazonaws.com/repomate_image_activ_builtin/ygohko_zatsu:a5392d09c187d6af14f4c95601fc98349fc757e6
vmvm-registry.fbinfra.net/repomate_image_activ_builtin/zellij-org_zellij:c886af41c293b0cfefd7efe86e8cc5dbdabde42a,004669175958.dkr.ecr.us-east-1.amazonaws.com/repomate_image_activ_builtin/zellij-org_zellij:c886af41c293b0cfefd7efe86e8cc5dbdabde42a
vmvm-registry.fbinfra.net/repomate_image_activ_builtin/zksecurity_noname:7fa6fc54935f3b5f83703c77c112de7687df1ab5,004669175958.dkr.ecr.us-east-1.amazonaws.com/repomate_image_activ_builtin/zksecurity_noname:7fa6fc54935f3b5f83703c77c112de7687df1ab5
vmvm-registry.fbinfra.net/repomate_image_activ_catch2/hollowaysean_basilgl:d01d7e6cfbe7e8d71331226c109aa3a4e89ee1f1,004669175958.dkr.ecr.us-east-1.amazonaws.com/repomate_image_activ_catch2/hollowaysean_basilgl:d01d7e6cfbe7e8d71331226c109aa3a4e89ee1f1
vmvm-registry.fbinfra.net/repomate_image_activ_check/chrysn-pull-requests_cpython:9c1520244151f36e010c1b04bedf14747a28517d,004669175958.dkr.ecr.us-east-1.amazonaws.com/repomate_image_activ_check/chrysn-pull-requests_cpython:9c1520244151f36e010c1b04bedf14747a28517d
vmvm-registry.fbinfra.net/repomate_image_activ_check/davidharting_cpython:365852a03a0c934ccd9b6c2b8e24c71181c41f03,004669175958.dkr.ecr.us-east-1.amazonaws.com/repomate_image_activ_check/davidharting_cpython:365852a03a0c934ccd9b6c2b8e24c71181c41f03
vmvm-registry.fbinfra.net/repomate_image_activ_check/duckdb_duckdb:900ee896042445ba2b08a33dad6012da4b58e33b,004669175958.dkr.ecr.us-east-1.amazonaws.com/repomate_image_activ_check/duckdb_duckdb:900ee896042445ba2b08a33dad6012da4b58e33b
vmvm-registry.fbinfra.net/repomate_image_activ_check/duckdb_duckdb:91d3928b65e64645034c12009e4a2cb0fae461d9,004669175958.dkr.ecr.us-east-1.amazonaws.com/repomate_image_activ_check/duckdb_duckdb:91d3928b65e64645034c12009e4a2cb0fae461d9
vmvm-registry.fbinfra.net/repomate_image_activ_check/duckdb_duckdb:dfb1bf381ad1741c68cb2bd6872776b3c86648ff,004669175958.dkr.ecr.us-east-1.amazonaws.com/repomate_image_activ_check/duckdb_duckdb:dfb1bf381ad1741c68cb2bd6872776b3c86648ff
vmvm-registry.fbinfra.net/repomate_image_activ_check/duckdb_duckdb:fb0b2aec85892eb595ea809f4fdbc9bf130a6117,004669175958.dkr.ecr.us-east-1.amazonaws.com/repomate_image_activ_check/duckdb_duckdb:fb0b2aec85892eb595ea809f4fdbc9bf130a6117
vmvm-registry.fbinfra.net/repomate_image_activ_check/elide-novelo_cpython:e1006ce1ded1b18972888ef057718dba6f2c7edd,004669175958.dkr.ecr.us-east-1.amazonaws.com/repomate_image_activ_check/elide-novelo_cpython:e1006ce1ded1b18972888ef057718dba6f2c7edd
vmvm-registry.fbinfra.net/repomate_image_activ_check/keelung-yang_cpython:0575551f69ba9c999835bfb176a543d468083c03,004669175958.dkr.ecr.us-east-1.amazonaws.com/repomate_image_activ_check/keelung-yang_cpython:0575551f69ba9c999835bfb176a543d468083c03
vmvm-registry.fbinfra.net/repomate_image_activ_check/milan-sm_cpython:879f4546bfbc9c47ef228e7c3d2f126f3d8d64bf,004669175958.dkr.ecr.us-east-1.amazonaws.com/repomate_image_activ_check/milan-sm_cpython:879f4546bfbc9c47ef228e7c3d2f126f3d8d64bf
vmvm-registry.fbinfra.net/repomate_image_activ_check/python_cpython:154477be722ae5c4e18d22d0860e284006b09c4f,004669175958.dkr.ecr.us-east-1.amazonaws.com/repomate_image_activ_check/python_cpython:154477be722ae5c4e18d22d0860e284006b09c4f
vmvm-registry.fbinfra.net/repomate_image_activ_check/python_cpython:2d7d1aa4bcd5da0177458b22b1b856db76aa20d4,004669175958.dkr.ecr.us-east-1.amazonaws.com/repomate_image_activ_check/python_cpython:2d7d1aa4bcd5da0177458b22b1b856db76aa20d4
vmvm-registry.fbinfra.net/repomate_image_activ_check/python_cpython:3531ea441b8b76bff90d2ecc062335da65fd3341,004669175958.dkr.ecr.us-east-1.amazonaws.com/repomate_image_activ_check/python_cpython:3531ea441b8b76bff90d2ecc062335da65fd3341
vmvm-registry.fbinfra.net/repomate_image_activ_check/python_cpython:507896d97dcff2d7999efa264b29d9003c525c49,004669175958.dkr.ecr.us-east-1.amazonaws.com/repomate_image_activ_check/python_cpython:507896d97dcff2d7999efa264b29d9003c525c49
vmvm-registry.fbinfra.net/repomate_image_activ_check/python_cpython:520efecfc3aed34d3a44545c7cd872d1aea8c7dc,004669175958.dkr.ecr.us-east-1.amazonaws.com/repomate_image_activ_check/python_cpython:520efecfc3aed34d3a44545c7cd872d1aea8c7dc
vmvm-registry.fbinfra.net/repomate_image_activ_check/python_cpython:5a0209fc23de113747058858a4d2e5fc8213711e,004669175958.dkr.ecr.us-east-1.amazonaws.com/repomate_image_activ_check/python_cpython:5a0209fc23de113747058858a4d2e5fc8213711e
vmvm-registry.fbinfra.net/repomate_image_activ_check/python_cpython:8026cda10ccd3cbc7f7ff84dc6970266512961e4,004669175958.dkr.ecr.us-east-1.amazonaws.com/repomate_image_activ_check/python_cpython:8026cda10ccd3cbc7f7ff84dc6970266512961e4
vmvm-registry.fbinfra.net/repomate_image_activ_check/python_cpython:ae234fbc5ce045066448f2f0cda2f1c3c7ddebea,004669175958.dkr.ecr.us-east-1.amazonaws.com/repomate_image_activ_check/python_cpython:ae234fbc5ce045066448f2f0cda2f1c3c7ddebea
vmvm-registry.fbinfra.net/repomate_image_activ_check/python_cpython:c450c8c9ed6e420025f39d0e4850a79f8160cdcd,004669175958.dkr.ecr.us-east-1.amazonaws.com/repomate_image_activ_check/python_cpython:c450c8c9ed6e420025f39d0e4850a79f8160cdcd
vmvm-registry.fbinfra.net/repomate_image_activ_check/python_cpython:e58960160fcb4fce63177fcd9ef605f887377767,004669175958.dkr.ecr.us-east-1.amazonaws.com/repomate_image_activ_check/python_cpython:e58960160fcb4fce63177fcd9ef605f887377767
vmvm-registry.fbinfra.net/repomate_image_activ_check/saisaw_cpython:57a20b0960f5c087a476b34c72f608580746cab5,004669175958.dkr.ecr.us-east-1.amazonaws.com/repomate_image_activ_check/saisaw_cpython:57a20b0960f5c087a476b34c72f608580746cab5
vmvm-registry.fbinfra.net/repomate_image_activ_check/zoro1207_cpython:c0c23ea72b76b06b7db0d09415fa90bab8ded63a,004669175958.dkr.ecr.us-east-1.amazonaws.com/repomate_image_activ_check/zoro1207_cpython:c0c23ea72b76b06b7db0d09415fa90bab8ded63a
vmvm-registry.fbinfra.net/repomate_image_activ_cmockery/zpyangchina_cinatra:d3800218692cd2cf6c6f164b5c6372526eaddd52,004669175958.dkr.ecr.us-east-1.amazonaws.com/repomate_image_activ_cmockery/zpyangchina_cinatra:d3800218692cd2cf6c6f164b5c6372526eaddd52
vmvm-registry.fbinfra.net/repomate_image_activ_google_test/bloch-lang_bloch:84036f830e56881460ccd82c36d9611ba377d944,004669175958.dkr.ecr.us-east-1.amazonaws.com/repomate_image_activ_google_test/bloch-lang_bloch:84036f830e56881460ccd82c36d9611ba377d944
vmvm-registry.fbinfra.net/repomate_image_activ_google_test/exawind_amr-wind:7b68af2e306bb9198e05391cb8296bf94057c0d1,004669175958.dkr.ecr.us-east-1.amazonaws.com/repomate_image_activ_google_test/exawind_amr-wind:7b68af2e306bb9198e05391cb8296bf94057c0d1
vmvm-registry.fbinfra.net/repomate_image_activ_google_test/harsssh_minishell:ec0fa51cc598c8497ce41781e172abe1dd962e5e,004669175958.dkr.ecr.us-east-1.amazonaws.com/repomate_image_activ_google_test/harsssh_minishell:ec0fa51cc598c8497ce41781e172abe1dd962e5e
vmvm-registry.fbinfra.net/repomate_image_activ_google_test/katlab-miyazakiuniv_etrobocon2022:49f2651d8cda5092a370d099439dc3858349b35f,004669175958.dkr.ecr.us-east-1.amazonaws.com/repomate_image_activ_google_test/katlab-miyazakiuniv_etrobocon2022:49f2651d8cda5092a370d099439dc3858349b35f
vmvm-registry.fbinfra.net/repomate_image_activ_google_test/open-cmsis-pack_devtools:e711fc9d1ea2edddbfcd939ff4076cdef8d68334,004669175958.dkr.ecr.us-east-1.amazonaws.com/repomate_image_activ_google_test/open-cmsis-pack_devtools:e711fc9d1ea2edddbfcd939ff4076cdef8d68334
vmvm-registry.fbinfra.net/repomate_image_activ_google_test/open-telemetry_opentelemetry-cpp:4b69a107ae4328fbb7f7dc4a1ad0055cc33a0011,004669175958.dkr.ecr.us-east-1.amazonaws.com/repomate_image_activ_google_test/open-telemetry_opentelemetry-cpp:4b69a107ae4328fbb7f7dc4a1ad0055cc33a0011
vmvm-registry.fbinfra.net/repomate_image_activ_google_test/osgeo_proj:4766b7c3a17dc98f99c59d2b64076fd924df5804,004669175958.dkr.ecr.us-east-1.amazonaws.com/repomate_image_activ_google_test/osgeo_proj:4766b7c3a17dc98f99c59d2b64076fd924df5804
vmvm-registry.fbinfra.net/repomate_image_activ_google_test/osgeo_proj:78eee957b0eff8b74df8a1f0e60a95355e7fa1c6,004669175958.dkr.ecr.us-east-1.amazonaws.com/repomate_image_activ_google_test/osgeo_proj:78eee957b0eff8b74df8a1f0e60a95355e7fa1c6
vmvm-registry.fbinfra.net/repomate_image_activ_google_test/osgeo_proj:a7f6b407446b35a50b5601650aed993c706fe8ee,004669175958.dkr.ecr.us-east-1.amazonaws.com/repomate_image_activ_google_test/osgeo_proj:a7f6b407446b35a50b5601650aed993c706fe8ee
vmvm-registry.fbinfra.net/repomate_image_activ_google_test/pdal_pdal:00db7b8b5e5e001296bd14438a3ff2ad92f32097,004669175958.dkr.ecr.us-east-1.amazonaws.com/repomate_image_activ_google_test/pdal_pdal:00db7b8b5e5e001296bd14438a3ff2ad92f32097
vmvm-registry.fbinfra.net/repomate_image_activ_google_test/santiagorr_opentelemetry-cpp:6fdf797acec6d8323e36de724dc60f024b85daae,004669175958.dkr.ecr.us-east-1.amazonaws.com/repomate_image_activ_google_test/santiagorr_opentelemetry-cpp:6fdf797acec6d8323e36de724dc60f024b85daae
vmvm-registry.fbinfra.net/repomate_image_activ_google_test/scratchcpp_libscratchcpp:cd78df48f760f57850acf025312979e65b50d3f0,004669175958.dkr.ecr.us-east-1.amazonaws.com/repomate_image_activ_google_test/scratchcpp_libscratchcpp:cd78df48f760f57850acf025312979e65b50d3f0
vmvm-registry.fbinfra.net/repomate_image_activ_google_test/seqan_sharg-parser:383bf8f7b8555c1fe7b9a87e55d3957076af571e,004669175958.dkr.ecr.us-east-1.amazonaws.com/repomate_image_activ_google_test/seqan_sharg-parser:383bf8f7b8555c1fe7b9a87e55d3957076af571e
vmvm-registry.fbinfra.net/repomate_image_activ_google_test/uncrustify_uncrustify:dedc17add07c16a57c7219611e5926256a6abdf4,004669175958.dkr.ecr.us-east-1.amazonaws.com/repomate_image_activ_google_test/uncrustify_uncrustify:dedc17add07c16a57c7219611e5926256a6abdf4
vmvm-registry.fbinfra.net/repomate_image_activ_go_test/blackchip-org_zc:007b56d39838be1724845b79c8b1b47a586d69ca,004669175958.dkr.ecr.us-east-1.amazonaws.com/repomate_image_activ_go_test/blackchip-org_zc:007b56d39838be1724845b79c8b1b47a586d69ca
vmvm-registry.fbinfra.net/repomate_image_activ_go_test/bufbuild_protoschema-plugins:db60dee68808bc8d8f1d0da8437284fa286917ca,004669175958.dkr.ecr.us-east-1.amazonaws.com/repomate_image_activ_go_test/bufbuild_protoschema-plugins:db60dee68808bc8d8f1d0da8437284fa286917ca
vmvm-registry.fbinfra.net/repomate_image_activ_go_test/clickhouse_ch-go:59c442a391d50dedb4760224ad69befe3f5dd003,004669175958.dkr.ecr.us-east-1.amazonaws.com/repomate_image_activ_go_test/clickhouse_ch-go:59c442a391d50dedb4760224ad69befe3f5dd003
vmvm-registry.fbinfra.net/repomate_image_activ_go_test/cockroachdb_pebble:5d8daed0ac88647ca81fe2c288648a1c02741507,004669175958.dkr.ecr.us-east-1.amazonaws.com/repomate_image_activ_go_test/cockroachdb_pebble:5d8daed0ac88647ca81fe2c288648a1c02741507
vmvm-registry.fbinfra.net/repomate_image_activ_go_test/dangazineu_tako:ff1b498da8ef0531b6cb041dd4859505bf778b32,004669175958.dkr.ecr.us-east-1.amazonaws.com/repomate_image_activ_go_test/dangazineu_tako:ff1b498da8ef0531b6cb041dd4859505bf778b32
vmvm-registry.fbinfra.net/repomate_image_activ_go_test/dapr_dapr:40288f960be5742d3058bf459041e75093ada932,004669175958.dkr.ecr.us-east-1.amazonaws.com/repomate_image_activ_go_test/dapr_dapr:40288f960be5742d3058bf459041e75093ada932
vmvm-registry.fbinfra.net/repomate_image_activ_go_test/dicedb_dice:6da7f09ba89797ef8ce701bf4c37151dfd91f533,004669175958.dkr.ecr.us-east-1.amazonaws.com/repomate_image_activ_go_test/dicedb_dice:6da7f09ba89797ef8ce701bf4c37151dfd91f533
vmvm-registry.fbinfra.net/repomate_image_activ_go_test/fernandezvara_certsfor:181da61c84f261119932ecf8b1c7bbf63ed8d734,004669175958.dkr.ecr.us-east-1.amazonaws.com/repomate_image_activ_go_test/fernandezvara_certsfor:181da61c84f261119932ecf8b1c7bbf63ed8d734
vmvm-registry.fbinfra.net/repomate_image_activ_go_test/gardener_gardenctl-v2:295d346b5bb6d1d7ad88ba27616190a52f2b2f97,004669175958.dkr.ecr.us-east-1.amazonaws.com/repomate_image_activ_go_test/gardener_gardenctl-v2:295d346b5bb6d1d7ad88ba27616190a52f2b2f97
vmvm-registry.fbinfra.net/repomate_image_activ_go_test/gobuffalo_pop:5798e98728d72618e8dd955cece97073d546adf7,004669175958.dkr.ecr.us-east-1.amazonaws.com/repomate_image_activ_go_test/gobuffalo_pop:5798e98728d72618e8dd955cece97073d546adf7
vmvm-registry.fbinfra.net/repomate_image_activ_go_test/gocodealone_evosim:11ee3548382464bf330f014338cbae4642255910,004669175958.dkr.ecr.us-east-1.amazonaws.com/repomate_image_activ_go_test/gocodealone_evosim:11ee3548382464bf330f014338cbae4642255910
vmvm-registry.fbinfra.net/repomate_image_activ_go_test/googleapis_librarian:a8ee61d1e15f7d37a48e267184c81981dd24349e,004669175958.dkr.ecr.us-east-1.amazonaws.com/repomate_image_activ_go_test/googleapis_librarian:a8ee61d1e15f7d37a48e267184c81981dd24349e
vmvm-registry.fbinfra.net/repomate_image_activ_go_test/grol-io_grol:44150e29affec87e0e58f16ad1e45c6e868fdd63,004669175958.dkr.ecr.us-east-1.amazonaws.com/repomate_image_activ_go_test/grol-io_grol:44150e29affec87e0e58f16ad1e45c6e868fdd63
vmvm-registry.fbinfra.net/repomate_image_activ_go_test/hashicorp_terraform-ls:0c443d39f1aa3827a4c75ecd1cf1a26d06b3438b,004669175958.dkr.ecr.us-east-1.amazonaws.com/repomate_image_activ_go_test/hashicorp_terraform-ls:0c443d39f1aa3827a4c75ecd1cf1a26d06b3438b
vmvm-registry.fbinfra.net/repomate_image_activ_go_test/heaths_gh-projects:27512fe9b78aa07d3c03856a090415a3ca258ecc,004669175958.dkr.ecr.us-east-1.amazonaws.com/repomate_image_activ_go_test/heaths_gh-projects:27512fe9b78aa07d3c03856a090415a3ca258ecc
vmvm-registry.fbinfra.net/repomate_image_activ_go_test/iotexproject_iotex-core:33186a8c4932673ebafe42d02bdc1d374826366a,004669175958.dkr.ecr.us-east-1.amazonaws.com/repomate_image_activ_go_test/iotexproject_iotex-core:33186a8c4932673ebafe42d02bdc1d374826366a
vmvm-registry.fbinfra.net/repomate_image_activ_go_test/kcl-lang_kcl-go:ea9c7a5f315082fed7b9d5ff289e51bda509190b,004669175958.dkr.ecr.us-east-1.amazonaws.com/repomate_image_activ_go_test/kcl-lang_kcl-go:ea9c7a5f315082fed7b9d5ff289e51bda509190b
vmvm-registry.fbinfra.net/repomate_image_activ_go_test/kirkdiggler_dnd-bot-discord:8f9d5278eed8faed69b66c5115884777892e36c6,004669175958.dkr.ecr.us-east-1.amazonaws.com/repomate_image_activ_go_test/kirkdiggler_dnd-bot-discord:8f9d5278eed8faed69b66c5115884777892e36c6
vmvm-registry.fbinfra.net/repomate_image_activ_go_test/klauspost_compress:48597ba06f525884d780f6ff04fb919ca52c8d57,004669175958.dkr.ecr.us-east-1.amazonaws.com/repomate_image_activ_go_test/klauspost_compress:48597ba06f525884d780f6ff04fb919ca52c8d57
vmvm-registry.fbinfra.net/repomate_image_activ_go_test/klauspost_reedsolomon:665023960f91f0772cc7731609a3cbe63d875514,004669175958.dkr.ecr.us-east-1.amazonaws.com/repomate_image_activ_go_test/klauspost_reedsolomon:665023960f91f0772cc7731609a3cbe63d875514
vmvm-registry.fbinfra.net/repomate_image_activ_go_test/knative_func:5a4803bf959852737a25ed558dcae891b80ab30f,004669175958.dkr.ecr.us-east-1.amazonaws.com/repomate_image_activ_go_test/knative_func:5a4803bf959852737a25ed558dcae891b80ab30f
vmvm-registry.fbinfra.net/repomate_image_activ_go_test/knative-sandbox_eventing-rabbitmq:ae9a633299234abdc18ec977c3fb4cf0881a7dde,004669175958.dkr.ecr.us-east-1.amazonaws.com/repomate_image_activ_go_test/knative-sandbox_eventing-rabbitmq:ae9a633299234abdc18ec977c3fb4cf0881a7dde
vmvm-registry.fbinfra.net/repomate_image_activ_go_test/kolide_launcher:842af7c01d88c741cf8fd5d8212147c8d1839ad2,004669175958.dkr.ecr.us-east-1.amazonaws.com/repomate_image_activ_go_test/kolide_launcher:842af7c01d88c741cf8fd5d8212147c8d1839ad2
vmvm-registry.fbinfra.net/repomate_image_activ_go_test/lab-64_split-the-bill-server:e296f15e7000b54d1479429855dc52db0667dbac,004669175958.dkr.ecr.us-east-1.amazonaws.com/repomate_image_activ_go_test/lab-64_split-the-bill-server:e296f15e7000b54d1479429855dc52db0667dbac
vmvm-registry.fbinfra.net/repomate_image_activ_go_test/luojiannx_pdfcpu:c4f314bcfb19ecde85b91e846a84ac0c3b9fcc80,004669175958.dkr.ecr.us-east-1.amazonaws.com/repomate_image_activ_go_test/luojiannx_pdfcpu:c4f314bcfb19ecde85b91e846a84ac0c3b9fcc80
vmvm-registry.fbinfra.net/repomate_image_activ_go_test/masahif_linktadoru:7b248c434bbf5d10bdd4811deadca63abc0861da,004669175958.dkr.ecr.us-east-1.amazonaws.com/repomate_image_activ_go_test/masahif_linktadoru:7b248c434bbf5d10bdd4811deadca63abc0861da
vmvm-registry.fbinfra.net/repomate_image_activ_go_test/meroxa_cli:d45265fa27f5700a0a494a0f0597f340c485663c,004669175958.dkr.ecr.us-east-1.amazonaws.com/repomate_image_activ_go_test/meroxa_cli:d45265fa27f5700a0a494a0f0597f340c485663c
vmvm-registry.fbinfra.net/repomate_image_activ_go_test/meroxa_cli:ea3a3fad68e42a5c1d5b8ca989e90b788fb8c981,004669175958.dkr.ecr.us-east-1.amazonaws.com/repomate_image_activ_go_test/meroxa_cli:ea3a3fad68e42a5c1d5b8ca989e90b788fb8c981
vmvm-registry.fbinfra.net/repomate_image_activ_go_test/open-policy-agent_opa:9a6bdaf9c416e790baa193c9a85ac663b49a297b,004669175958.dkr.ecr.us-east-1.amazonaws.com/repomate_image_activ_go_test/open-policy-agent_opa:9a6bdaf9c416e790baa193c9a85ac663b49a297b
vmvm-registry.fbinfra.net/repomate_image_activ_go_test/open-policy-agent_opa:a940cb636ea6554421ee39b25f855f2bf9efc7a8,004669175958.dkr.ecr.us-east-1.amazonaws.com/repomate_image_activ_go_test/open-policy-agent_opa:a940cb636ea6554421ee39b25f855f2bf9efc7a8
vmvm-registry.fbinfra.net/repomate_image_activ_go_test/paketo-buildpacks_pip-install:617f8f50a7134b0bea5091274dd0abc647528479,004669175958.dkr.ecr.us-east-1.amazonaws.com/repomate_image_activ_go_test/paketo-buildpacks_pip-install:617f8f50a7134b0bea5091274dd0abc647528479
vmvm-registry.fbinfra.net/repomate_image_activ_go_test/pardeike_gabs:514dac21f025d0abf9aa84d3223fcea62fb6adf9,004669175958.dkr.ecr.us-east-1.amazonaws.com/repomate_image_activ_go_test/pardeike_gabs:514dac21f025d0abf9aa84d3223fcea62fb6adf9
vmvm-registry.fbinfra.net/repomate_image_activ_go_test/rancher_rancher:a83e8c5526b54153aee0edbc2dc7b6d8ea982bec,004669175958.dkr.ecr.us-east-1.amazonaws.com/repomate_image_activ_go_test/rancher_rancher:a83e8c5526b54153aee0edbc2dc7b6d8ea982bec
vmvm-registry.fbinfra.net/repomate_image_activ_go_test/retroenv_nesgodisasm:789773172e03ffc56d30a27789e90e17492888c3,004669175958.dkr.ecr.us-east-1.amazonaws.com/repomate_image_activ_go_test/retroenv_nesgodisasm:789773172e03ffc56d30a27789e90e17492888c3
vmvm-registry.fbinfra.net/repomate_image_activ_go_test/rikatz_kubepug:7ff136aead79882fef38f7162d2cd727e69e792c,004669175958.dkr.ecr.us-east-1.amazonaws.com/repomate_image_activ_go_test/rikatz_kubepug:7ff136aead79882fef38f7162d2cd727e69e792c
vmvm-registry.fbinfra.net/repomate_image_activ_go_test/rotisserie_eris:9953c63fb982d2786cf5aa85a9fc80ccdc659ddc,004669175958.dkr.ecr.us-east-1.amazonaws.com/repomate_image_activ_go_test/rotisserie_eris:9953c63fb982d2786cf5aa85a9fc80ccdc659ddc
vmvm-registry.fbinfra.net/repomate_image_activ_go_test/sdcio_config-server:3cd4e4ab03d83d2d5c2f30aafe6c73c836ebae5e,004669175958.dkr.ecr.us-east-1.amazonaws.com/repomate_image_activ_go_test/sdcio_config-server:3cd4e4ab03d83d2d5c2f30aafe6c73c836ebae5e
vmvm-registry.fbinfra.net/repomate_image_activ_go_test/securego_gosec:abeab1092d9467f0985c87d60ab136a7f38c4b88,004669175958.dkr.ecr.us-east-1.amazonaws.com/repomate_image_activ_go_test/securego_gosec:abeab1092d9467f0985c87d60ab136a7f38c4b88
vmvm-registry.fbinfra.net/repomate_image_activ_go_test/snivilised_pixa:184864642c051f49c9b9e9195652f0c83afe3cf4,004669175958.dkr.ecr.us-east-1.amazonaws.com/repomate_image_activ_go_test/snivilised_pixa:184864642c051f49c9b9e9195652f0c83afe3cf4
vmvm-registry.fbinfra.net/repomate_image_activ_go_test/statechannels_go-nitro:8ffd394b22cdc0f06e9b9636955046fc844a6eca,004669175958.dkr.ecr.us-east-1.amazonaws.com/repomate_image_activ_go_test/statechannels_go-nitro:8ffd394b22cdc0f06e9b9636955046fc844a6eca
vmvm-registry.fbinfra.net/repomate_image_activ_go_test/stellar_go:d432e29122321d46727ce1f372be3ed6368b19f8,004669175958.dkr.ecr.us-east-1.amazonaws.com/repomate_image_activ_go_test/stellar_go:d432e29122321d46727ce1f372be3ed6368b19f8
vmvm-registry.fbinfra.net/repomate_image_activ_go_test/surrealdb_surrealdb.go:262c14dd015e498d08e769c8d49f34d967b4bd9b,004669175958.dkr.ecr.us-east-1.amazonaws.com/repomate_image_activ_go_test/surrealdb_surrealdb.go:262c14dd015e498d08e769c8d49f34d967b4bd9b
vmvm-registry.fbinfra.net/repomate_image_activ_go_test/tchajed_goose:746d419d903feea792a539a323c1366b27043bd0,004669175958.dkr.ecr.us-east-1.amazonaws.com/repomate_image_activ_go_test/tchajed_goose:746d419d903feea792a539a323c1366b27043bd0
vmvm-registry.fbinfra.net/repomate_image_activ_go_test/thanos-io_thanos:34859f1027c260b10779bd082bf5d5f7aca1c693,004669175958.dkr.ecr.us-east-1.amazonaws.com/repomate_image_activ_go_test/thanos-io_thanos:34859f1027c260b10779bd082bf5d5f7aca1c693
vmvm-registry.fbinfra.net/repomate_image_activ_go_test/to-be-architect_casbin:371eae6008ef850aff8de7c8c61cdeba4dd03b5b,004669175958.dkr.ecr.us-east-1.amazonaws.com/repomate_image_activ_go_test/to-be-architect_casbin:371eae6008ef850aff8de7c8c61cdeba4dd03b5b
vmvm-registry.fbinfra.net/repomate_image_activ_go_test/trustbloc_orb:b7d28c8a267c5adeab01c7a50e3970963aaa5fe6,004669175958.dkr.ecr.us-east-1.amazonaws.com/repomate_image_activ_go_test/trustbloc_orb:b7d28c8a267c5adeab01c7a50e3970963aaa5fe6
vmvm-registry.fbinfra.net/repomate_image_activ_go_test/xiangpingjiang_controller-runtime:7f316f1309b11c24aa8a96750e694f897555d348,004669175958.dkr.ecr.us-east-1.amazonaws.com/repomate_image_activ_go_test/xiangpingjiang_controller-runtime:7f316f1309b11c24aa8a96750e694f897555d348
vmvm-registry.fbinfra.net/repomate_image_activ_go_test/yuvalyacoby-proton_cobra:09d5664f34e3f7571560e48ccb74c8904b671e87,004669175958.dkr.ecr.us-east-1.amazonaws.com/repomate_image_activ_go_test/yuvalyacoby-proton_cobra:09d5664f34e3f7571560e48ccb74c8904b671e87
vmvm-registry.fbinfra.net/repomate_image_activ_go_test/zalando_skipper:d0a5d810773cf741dc9aa161d1c29b192954e55c,004669175958.dkr.ecr.us-east-1.amazonaws.com/repomate_image_activ_go_test/zalando_skipper:d0a5d810773cf741dc9aa161d1c29b192954e55c
vmvm-registry.fbinfra.net/repomate_image_activ_go_test/zigbee-alliance_distributed-compliance-ledger:8f29dc0e7000fc3a040abd895aee92d71dbe07b4,004669175958.dkr.ecr.us-east-1.amazonaws.com/repomate_image_activ_go_test/zigbee-alliance_distributed-compliance-ledger:8f29dc0e7000fc3a040abd895aee92d71dbe07b4
vmvm-registry.fbinfra.net/repomate_image_activ_jest/10up_headstartwp:0c735b70825598ee5a0bd45f4fc4a30432a25799,004669175958.dkr.ecr.us-east-1.amazonaws.com/repomate_image_activ_jest/10up_headstartwp:0c735b70825598ee5a0bd45f4fc4a30432a25799
vmvm-registry.fbinfra.net/repomate_image_activ_jest/actions_setup-python:6c048c755810cf9ec19b2a2a75014fcd1aa0c9c6,004669175958.dkr.ecr.us-east-1.amazonaws.com/repomate_image_activ_jest/actions_setup-python:6c048c755810cf9ec19b2a2a75014fcd1aa0c9c6
vmvm-registry.fbinfra.net/repomate_image_activ_jest/alphagov_govuk-prototype-kit:ccfbc0674d9f7e59ddcb867611021abae279e3dc,004669175958.dkr.ecr.us-east-1.amazonaws.com/repomate_image_activ_jest/alphagov_govuk-prototype-kit:ccfbc0674d9f7e59ddcb867611021abae279e3dc
vmvm-registry.fbinfra.net/repomate_image_activ_jest/ant-design_ant-design:00c891ac05e7d8055af44e74b36e069e40065405,004669175958.dkr.ecr.us-east-1.amazonaws.com/repomate_image_activ_jest/ant-design_ant-design:00c891ac05e7d8055af44e74b36e069e40065405
vmvm-registry.fbinfra.net/repomate_image_activ_jest/anuraghazra_github-readme-stats:c5d4bcbc1ac5e1811681e4acd825cd39145fb2d9,004669175958.dkr.ecr.us-east-1.amazonaws.com/repomate_image_activ_jest/anuraghazra_github-readme-stats:c5d4bcbc1ac5e1811681e4acd825cd39145fb2d9
vmvm-registry.fbinfra.net/repomate_image_activ_jest/asyncapi_modelina:3742b389939aed16b588d77ffd61b588db705d9c,004669175958.dkr.ecr.us-east-1.amazonaws.com/repomate_image_activ_jest/asyncapi_modelina:3742b389939aed16b588d77ffd61b588db705d9c
vmvm-registry.fbinfra.net/repomate_image_activ_jest/aws-quickstart_cdk-eks-blueprints:01a78dcc2f5b54a41fe708fc4eaf862d07ad4a56,004669175958.dkr.ecr.us-east-1.amazonaws.com/repomate_image_activ_jest/aws-quickstart_cdk-eks-blueprints:01a78dcc2f5b54a41fe708fc4eaf862d07ad4a56
vmvm-registry.fbinfra.net/repomate_image_activ_jest/cdklabs_decdk:e6c0ab64ce5a75f172a2e1bf2f92be716ad94d25,004669175958.dkr.ecr.us-east-1.amazonaws.com/repomate_image_activ_jest/cdklabs_decdk:e6c0ab64ce5a75f172a2e1bf2f92be716ad94d25
vmvm-registry.fbinfra.net/repomate_image_activ_jest/codyswanner_meme-cataloger:e810158a8f8416276669d230623a8c9d23136b0e,004669175958.dkr.ecr.us-east-1.amazonaws.com/repomate_image_activ_jest/codyswanner_meme-cataloger:e810158a8f8416276669d230623a8c9d23136b0e
vmvm-registry.fbinfra.net/repomate_image_activ_jest/daniel-sc_ng-extract-i18n-merge:f51c85827ef74982d75d115ba06531bf1dd62f4b,004669175958.dkr.ecr.us-east-1.amazonaws.com/repomate_image_activ_jest/daniel-sc_ng-extract-i18n-merge:f51c85827ef74982d75d115ba06531bf1dd62f4b
vmvm-registry.fbinfra.net/repomate_image_activ_jest/dl-eric_bridge:981ea51a2b9e97ceb650cb806c99be9ea159aa07,004669175958.dkr.ecr.us-east-1.amazonaws.com/repomate_image_activ_jest/dl-eric_bridge:981ea51a2b9e97ceb650cb806c99be9ea159aa07
vmvm-registry.fbinfra.net/repomate_image_activ_jest/dollhousemcp_mcp-server:59e869a6b766ac6619a9ee14f63cee25668c75c5,004669175958.dkr.ecr.us-east-1.amazonaws.com/repomate_image_activ_jest/dollhousemcp_mcp-server:59e869a6b766ac6619a9ee14f63cee25668c75c5
vmvm-registry.fbinfra.net/repomate_image_activ_jest/dougis_dnd-tracker-next-js:852d8aca428c19021b9cb7003f6e2294846088f9,004669175958.dkr.ecr.us-east-1.amazonaws.com/repomate_image_activ_jest/dougis_dnd-tracker-next-js:852d8aca428c19021b9cb7003f6e2294846088f9
vmvm-registry.fbinfra.net/repomate_image_activ_jest/douglampe_codetender:4ebb1d66adccc03359365e3c94d945181afab011,004669175958.dkr.ecr.us-east-1.amazonaws.com/repomate_image_activ_jest/douglampe_codetender:4ebb1d66adccc03359365e3c94d945181afab011
vmvm-registry.fbinfra.net/repomate_image_activ_jest/hiragram_mynextcareer:db887962e170d0cedd7c2514cab78624afe46d58,004669175958.dkr.ecr.us-east-1.amazonaws.com/repomate_image_activ_jest/hiragram_mynextcareer:db887962e170d0cedd7c2514cab78624afe46d58
vmvm-registry.fbinfra.net/repomate_image_activ_jest/int128_update-generated-files-action:d306bdf6f3b0add9d5044468e5a65b7b32d74d04,004669175958.dkr.ecr.us-east-1.amazonaws.com/repomate_image_activ_jest/int128_update-generated-files-action:d306bdf6f3b0add9d5044468e5a65b7b32d74d04
vmvm-registry.fbinfra.net/repomate_image_activ_jest/jantimon_mini-css-extract-plugin:c7ff30d52ff0c6068a89b7f938b4c77d6f82fa7e,004669175958.dkr.ecr.us-east-1.amazonaws.com/repomate_image_activ_jest/jantimon_mini-css-extract-plugin:c7ff30d52ff0c6068a89b7f938b4c77d6f82fa7e
vmvm-registry.fbinfra.net/repomate_image_activ_jest/jerseycheese_narraitor:51348b46bfcf3d65f568753c279a0fdbd92bca09,004669175958.dkr.ecr.us-east-1.amazonaws.com/repomate_image_activ_jest/jerseycheese_narraitor:51348b46bfcf3d65f568753c279a0fdbd92bca09
vmvm-registry.fbinfra.net/repomate_image_activ_jest/jhipster_generator-jhipster:b9240e6efb988b632e7115164051b7d380effefc,004669175958.dkr.ecr.us-east-1.amazonaws.com/repomate_image_activ_jest/jhipster_generator-jhipster:b9240e6efb988b632e7115164051b7d380effefc
vmvm-registry.fbinfra.net/repomate_image_activ_jest/jhipster_jhipster-lite:c5f4e0267af32dff613b9dcb729d3f70c62c204d,004669175958.dkr.ecr.us-east-1.amazonaws.com/repomate_image_activ_jest/jhipster_jhipster-lite:c5f4e0267af32dff613b9dcb729d3f70c62c204d
vmvm-registry.fbinfra.net/repomate_image_activ_jest/junaidaziz_ecommerce-search:5f2ebf6a741927df98577bd081dd8a8426327813,004669175958.dkr.ecr.us-east-1.amazonaws.com/repomate_image_activ_jest/junaidaziz_ecommerce-search:5f2ebf6a741927df98577bd081dd8a8426327813
vmvm-registry.fbinfra.net/repomate_image_activ_jest/marp-team_marp-vscode:46f9f788f0a2f4cf0522f8e3946fb2cd7083c864,004669175958.dkr.ecr.us-east-1.amazonaws.com/repomate_image_activ_jest/marp-team_marp-vscode:46f9f788f0a2f4cf0522f8e3946fb2cd7083c864
vmvm-registry.fbinfra.net/repomate_image_activ_jest/matrixai_js-rpc:e2f706c0b5c3002bdecdec22bc5d5771d5bd7f02,004669175958.dkr.ecr.us-east-1.amazonaws.com/repomate_image_activ_jest/matrixai_js-rpc:e2f706c0b5c3002bdecdec22bc5d5771d5bd7f02
vmvm-registry.fbinfra.net/repomate_image_activ_jest/matrixai_polykey:6c987936e083101713955772de577bb52cdab37a,004669175958.dkr.ecr.us-east-1.amazonaws.com/repomate_image_activ_jest/matrixai_polykey:6c987936e083101713955772de577bb52cdab37a
vmvm-registry.fbinfra.net/repomate_image_activ_jest/microsoft_quantum-viz.js:a4157a79592ba59e0d9bc719dc344798ee4517b3,004669175958.dkr.ecr.us-east-1.amazonaws.com/repomate_image_activ_jest/microsoft_quantum-viz.js:a4157a79592ba59e0d9bc719dc344798ee4517b3
vmvm-registry.fbinfra.net/repomate_image_activ_jest/mykeels_propelauth-react:a2e60d8e869d76e87d34e08b5b36f91162c747f4,004669175958.dkr.ecr.us-east-1.amazonaws.com/repomate_image_activ_jest/mykeels_propelauth-react:a2e60d8e869d76e87d34e08b5b36f91162c747f4
vmvm-registry.fbinfra.net/repomate_image_activ_jest/nrwl_nx:b3df011f9991ad487240147f66e9a31b32957023,004669175958.dkr.ecr.us-east-1.amazonaws.com/repomate_image_activ_jest/nrwl_nx:b3df011f9991ad487240147f66e9a31b32957023
vmvm-registry.fbinfra.net/repomate_image_activ_jest/patternslib_patterns:321845a8191ae00b33c7812fe05aae68de9f0acb,004669175958.dkr.ecr.us-east-1.amazonaws.com/repomate_image_activ_jest/patternslib_patterns:321845a8191ae00b33c7812fe05aae68de9f0acb
vmvm-registry.fbinfra.net/repomate_image_activ_jest/repalash_3dtilesrendererjs:1bc37f5b3c6f373d1e8210b9e2cc73e627d803e0,004669175958.dkr.ecr.us-east-1.amazonaws.com/repomate_image_activ_jest/repalash_3dtilesrendererjs:1bc37f5b3c6f373d1e8210b9e2cc73e627d803e0
vmvm-registry.fbinfra.net/repomate_image_activ_jest/rolling-scopes_rsschool-app:fd16e7d0e3f230c9faa41dfc6a4e0b9860222c8a,004669175958.dkr.ecr.us-east-1.amazonaws.com/repomate_image_activ_jest/rolling-scopes_rsschool-app:fd16e7d0e3f230c9faa41dfc6a4e0b9860222c8a
vmvm-registry.fbinfra.net/repomate_image_activ_jest/sanger_lighthouse-ui:893bd4b2d4d5da8abc8a43000157ee08957c2509,004669175958.dkr.ecr.us-east-1.amazonaws.com/repomate_image_activ_jest/sanger_lighthouse-ui:893bd4b2d4d5da8abc8a43000157ee08957c2509
vmvm-registry.fbinfra.net/repomate_image_activ_jest/shuffle-and-sync_reimagined-guacamole:064768e6fa0ed23ce71bc95214f30bf86f7702ca,004669175958.dkr.ecr.us-east-1.amazonaws.com/repomate_image_activ_jest/shuffle-and-sync_reimagined-guacamole:064768e6fa0ed23ce71bc95214f30bf86f7702ca
vmvm-registry.fbinfra.net/repomate_image_activ_jest/sigstore_sigstore-js:82f55c017ff5fb945db4aa0922fd6e440174b049,004669175958.dkr.ecr.us-east-1.amazonaws.com/repomate_image_activ_jest/sigstore_sigstore-js:82f55c017ff5fb945db4aa0922fd6e440174b049
vmvm-registry.fbinfra.net/repomate_image_activ_jest/standardhealth_fhir-package-loader:2e497c9a18c9a03fc0c562d32a053d1d83467325,004669175958.dkr.ecr.us-east-1.amazonaws.com/repomate_image_activ_jest/standardhealth_fhir-package-loader:2e497c9a18c9a03fc0c562d32a053d1d83467325
vmvm-registry.fbinfra.net/repomate_image_activ_jest/strapi_strapi:6a55ba0e98a654124d932637c4614f6175d05124,004669175958.dkr.ecr.us-east-1.amazonaws.com/repomate_image_activ_jest/strapi_strapi:6a55ba0e98a654124d932637c4614f6175d05124
vmvm-registry.fbinfra.net/repomate_image_activ_jest/swaxidriver_swaxi-dispo-v6:c024086ea8feac0f8e2cacf945a6a19b892cd131,004669175958.dkr.ecr.us-east-1.amazonaws.com/repomate_image_activ_jest/swaxidriver_swaxi-dispo-v6:c024086ea8feac0f8e2cacf945a6a19b892cd131
vmvm-registry.fbinfra.net/repomate_image_activ_jest/telosnetwork_telos-wallet:30962512c928624762d006699f58b3673672f525,004669175958.dkr.ecr.us-east-1.amazonaws.com/repomate_image_activ_jest/telosnetwork_telos-wallet:30962512c928624762d006699f58b3673672f525
vmvm-registry.fbinfra.net/repomate_image_activ_jest/tylp_memo-draw:9afbe52b1291a62609310025f8fca28d3d6abed0,004669175958.dkr.ecr.us-east-1.amazonaws.com/repomate_image_activ_jest/tylp_memo-draw:9afbe52b1291a62609310025f8fca28d3d6abed0
vmvm-registry.fbinfra.net/repomate_image_activ_jest/ucan-wg_ts-ucan:df155696dc345e1371fb6307ac05c7161f360b94,004669175958.dkr.ecr.us-east-1.amazonaws.com/repomate_image_activ_jest/ucan-wg_ts-ucan:df155696dc345e1371fb6307ac05c7161f360b94
vmvm-registry.fbinfra.net/repomate_image_activ_jest/vets-who-code_vets-who-code-app:5c92858d7b60f5deb5078bc1d290aa7861da3ee9,004669175958.dkr.ecr.us-east-1.amazonaws.com/repomate_image_activ_jest/vets-who-code_vets-who-code-app:5c92858d7b60f5deb5078bc1d290aa7861da3ee9
vmvm-registry.fbinfra.net/repomate_image_activ_jest/wagtail_wagtail:ae996ab0f2228a379ac10c1853fc78ae2b87dcd5,004669175958.dkr.ecr.us-east-1.amazonaws.com/repomate_image_activ_jest/wagtail_wagtail:ae996ab0f2228a379ac10c1853fc78ae2b87dcd5
vmvm-registry.fbinfra.net/repomate_image_activ_jest/wazuh_wazuh-dashboard-plugins:9fd33dbd617bda225bfed5b579e000a0dfc60de5,004669175958.dkr.ecr.us-east-1.amazonaws.com/repomate_image_activ_jest/wazuh_wazuh-dashboard-plugins:9fd33dbd617bda225bfed5b579e000a0dfc60de5
vmvm-registry.fbinfra.net/repomate_image_activ_jest/wellcomecollection_wellcomecollection.org:56b3da4835111531fe77b93c335f8af9a85fd922,004669175958.dkr.ecr.us-east-1.amazonaws.com/repomate_image_activ_jest/wellcomecollection_wellcomecollection.org:56b3da4835111531fe77b93c335f8af9a85fd922
vmvm-registry.fbinfra.net/repomate_image_activ_jest/wellcomecollection_wellcomecollection.org:8d134f22e6ad6aa2ccd6bed718f03e141b7f4148,004669175958.dkr.ecr.us-east-1.amazonaws.com/repomate_image_activ_jest/wellcomecollection_wellcomecollection.org:8d134f22e6ad6aa2ccd6bed718f03e141b7f4148
vmvm-registry.fbinfra.net/repomate_image_activ_junit/aahzbrut_recipe-rest-api:5df8bb828ea5be0afb15aebc02c121209a8a2789,004669175958.dkr.ecr.us-east-1.amazonaws.com/repomate_image_activ_junit/aahzbrut_recipe-rest-api:5df8bb828ea5be0afb15aebc02c121209a8a2789
vmvm-registry.fbinfra.net/repomate_image_activ_junit/apache_camel-k-runtime:d5d728b0904281da472fcc0f87d4ff4a28c076df,004669175958.dkr.ecr.us-east-1.amazonaws.com/repomate_image_activ_junit/apache_camel-k-runtime:d5d728b0904281da472fcc0f87d4ff4a28c076df
vmvm-registry.fbinfra.net/repomate_image_activ_junit/axonframework_extension-multitenancy:db4cda8efecdf7192c18ee46200b9dbc175ae322,004669175958.dkr.ecr.us-east-1.amazonaws.com/repomate_image_activ_junit/axonframework_extension-multitenancy:db4cda8efecdf7192c18ee46200b9dbc175ae322
vmvm-registry.fbinfra.net/repomate_image_activ_junit/carlspring_s3fs-nio:e0daefddf6ed5114db84d6d5cbf627a7564f4ce3,004669175958.dkr.ecr.us-east-1.amazonaws.com/repomate_image_activ_junit/carlspring_s3fs-nio:e0daefddf6ed5114db84d6d5cbf627a7564f4ce3
vmvm-registry.fbinfra.net/repomate_image_activ_junit/gamza-bat_algohub-server:ec158ccb1742a0c3e6de5fcf0722acfaad4936a8,004669175958.dkr.ecr.us-east-1.amazonaws.com/repomate_image_activ_junit/gamza-bat_algohub-server:ec158ccb1742a0c3e6de5fcf0722acfaad4936a8
vmvm-registry.fbinfra.net/repomate_image_activ_junit/kth-dd2480-group-2_algorithms:002dc20b562da498ed8e66c729e0d320e7231462,004669175958.dkr.ecr.us-east-1.amazonaws.com/repomate_image_activ_junit/kth-dd2480-group-2_algorithms:002dc20b562da498ed8e66c729e0d320e7231462
vmvm-registry.fbinfra.net/repomate_image_activ_junit/mapstruct_mapstruct:2a849dca12c6547a56de6cd68d49bad1ca53390a,004669175958.dkr.ecr.us-east-1.amazonaws.com/repomate_image_activ_junit/mapstruct_mapstruct:2a849dca12c6547a56de6cd68d49bad1ca53390a
vmvm-registry.fbinfra.net/repomate_image_activ_junit/mapstruct_mapstruct:910504152231f1e2f1e441a52e1075ac8327cc7f,004669175958.dkr.ecr.us-east-1.amazonaws.com/repomate_image_activ_junit/mapstruct_mapstruct:910504152231f1e2f1e441a52e1075ac8327cc7f
vmvm-registry.fbinfra.net/repomate_image_activ_junit/modic-2025_modic_backend:ee94653b56117f63ba9e9c96965446119e037539,004669175958.dkr.ecr.us-east-1.amazonaws.com/repomate_image_activ_junit/modic-2025_modic_backend:ee94653b56117f63ba9e9c96965446119e037539
vmvm-registry.fbinfra.net/repomate_image_activ_junit/moquette-io_moquette:c8258d1ec8ee8d6e9cf2bde1605cf15722350830,004669175958.dkr.ecr.us-east-1.amazonaws.com/repomate_image_activ_junit/moquette-io_moquette:c8258d1ec8ee8d6e9cf2bde1605cf15722350830
vmvm-registry.fbinfra.net/repomate_image_activ_junit/nexters_phochak-server:3ab26a0cba65c1adea101e05c472ca8db3fd6dfd,004669175958.dkr.ecr.us-east-1.amazonaws.com/repomate_image_activ_junit/nexters_phochak-server:3ab26a0cba65c1adea101e05c472ca8db3fd6dfd
vmvm-registry.fbinfra.net/repomate_image_activ_junit/nhn-on7_marketgg-shop:451765725853aae505b54da9ad72cdb72f6a2c8a,004669175958.dkr.ecr.us-east-1.amazonaws.com/repomate_image_activ_junit/nhn-on7_marketgg-shop:451765725853aae505b54da9ad72cdb72f6a2c8a
vmvm-registry.fbinfra.net/repomate_image_activ_junit/rodnansol_openapi-extender:e8851dd6defb120696938589ab5a6c55fd909d1d,004669175958.dkr.ecr.us-east-1.amazonaws.com/repomate_image_activ_junit/rodnansol_openapi-extender:e8851dd6defb120696938589ab5a6c55fd909d1d
vmvm-registry.fbinfra.net/repomate_image_activ_junit/smallrye_smallrye-mutiny:4985840c3c6f9fd2c5ac0d2454cda3129c306f3c,004669175958.dkr.ecr.us-east-1.amazonaws.com/repomate_image_activ_junit/smallrye_smallrye-mutiny:4985840c3c6f9fd2c5ac0d2454cda3129c306f3c
vmvm-registry.fbinfra.net/repomate_image_activ_junit/sopra-fs23-group-27_sopra-fs23-group-27-server:771c9ad38e85a3ccf98db6f3c2cfc85e02e48201,004669175958.dkr.ecr.us-east-1.amazonaws.com/repomate_image_activ_junit/sopra-fs23-group-27_sopra-fs23-group-27-server:771c9ad38e85a3ccf98db6f3c2cfc85e02e48201
vmvm-registry.fbinfra.net/repomate_image_activ_junit/team-kekx_ardas-legends-app:4ba256fb8425963e7c9cfcd68eb952fc87c7ff9f,004669175958.dkr.ecr.us-east-1.amazonaws.com/repomate_image_activ_junit/team-kekx_ardas-legends-app:4ba256fb8425963e7c9cfcd68eb952fc87c7ff9f
vmvm-registry.fbinfra.net/repomate_image_activ_junit/team-palpalhae-dealight_team-palpalhae-dealight-be:b17380384b48e247369904c21559454e0f90b348,004669175958.dkr.ecr.us-east-1.amazonaws.com/repomate_image_activ_junit/team-palpalhae-dealight_team-palpalhae-dealight-be:b17380384b48e247369904c21559454e0f90b348
vmvm-registry.fbinfra.net/repomate_image_activ_junit/teragrep_pth_03:42ae75f911eea3ce158620f690660b73f32dd0cf,004669175958.dkr.ecr.us-east-1.amazonaws.com/repomate_image_activ_junit/teragrep_pth_03:42ae75f911eea3ce158620f690660b73f32dd0cf
vmvm-registry.fbinfra.net/repomate_image_activ_junit/terning-farewell-thanks_terning-farewell-server:3bed7537bbf34a6cd42c61932bd0cbe50828d238,004669175958.dkr.ecr.us-east-1.amazonaws.com/repomate_image_activ_junit/terning-farewell-thanks_terning-farewell-server:3bed7537bbf34a6cd42c61932bd0cbe50828d238
vmvm-registry.fbinfra.net/repomate_image_activ_junit/toolatebro_takenseat:22f207ebcecb906adf01d53412f87b01d61932b4,004669175958.dkr.ecr.us-east-1.amazonaws.com/repomate_image_activ_junit/toolatebro_takenseat:22f207ebcecb906adf01d53412f87b01d61932b4
vmvm-registry.fbinfra.net/repomate_image_activ_junit/tournamanager_api:594f0fdb4c155e6001827b5b3c9cb92ef4662dc8,004669175958.dkr.ecr.us-east-1.amazonaws.com/repomate_image_activ_junit/tournamanager_api:594f0fdb4c155e6001827b5b3c9cb92ef4662dc8
vmvm-registry.fbinfra.net/repomate_image_activ_junit/ureca-dapanda_dapanda-backend:85002e2c3f9a5dfa80ca76be109078926d3a5a55,004669175958.dkr.ecr.us-east-1.amazonaws.com/repomate_image_activ_junit/ureca-dapanda_dapanda-backend:85002e2c3f9a5dfa80ca76be109078926d3a5a55
vmvm-registry.fbinfra.net/repomate_image_activ_junit/vskurikhin_daybook-3.0:f8704b3bf2a0be3d61a31d360a83ec59487f64c7,004669175958.dkr.ecr.us-east-1.amazonaws.com/repomate_image_activ_junit/vskurikhin_daybook-3.0:f8704b3bf2a0be3d61a31d360a83ec59487f64c7
vmvm-registry.fbinfra.net/repomate_image_activ_junit/wiremock_wiremock:00b664a979455bf2b1bc2f01efa9724656dd1868,004669175958.dkr.ecr.us-east-1.amazonaws.com/repomate_image_activ_junit/wiremock_wiremock:00b664a979455bf2b1bc2f01efa9724656dd1868
vmvm-registry.fbinfra.net/repomate_image_activ_mocha/aeternity_aepp-sdk-js:481464c339c75621866647cf48ff0319fa73592d,004669175958.dkr.ecr.us-east-1.amazonaws.com/repomate_image_activ_mocha/aeternity_aepp-sdk-js:481464c339c75621866647cf48ff0319fa73592d
vmvm-registry.fbinfra.net/repomate_image_activ_mocha/asamuzak_withexeditorhost:a667873f634733ad9e802112212dcca9f0f13915,004669175958.dkr.ecr.us-east-1.amazonaws.com/repomate_image_activ_mocha/asamuzak_withexeditorhost:a667873f634733ad9e802112212dcca9f0f13915
vmvm-registry.fbinfra.net/repomate_image_activ_pytest/adamchainz_django-upgrade:433eb82ea0e4f64d1611ad5976d08c7c6d1f2a9e,004669175958.dkr.ecr.us-east-1.amazonaws.com/repomate_image_activ_pytest/adamchainz_django-upgrade:433eb82ea0e4f64d1611ad5976d08c7c6d1f2a9e
vmvm-registry.fbinfra.net/repomate_image_activ_pytest/akrherz_pyiem:82c63d1295831608ac8dee52c73db9243cf69614,004669175958.dkr.ecr.us-east-1.amazonaws.com/repomate_image_activ_pytest/akrherz_pyiem:82c63d1295831608ac8dee52c73db9243cf69614
vmvm-registry.fbinfra.net/repomate_image_activ_pytest/allenai_reward-bench:a7cf68b5923d42cc16f3a1fa2d9b2b863d140866,004669175958.dkr.ecr.us-east-1.amazonaws.com/repomate_image_activ_pytest/allenai_reward-bench:a7cf68b5923d42cc16f3a1fa2d9b2b863d140866
vmvm-registry.fbinfra.net/repomate_image_activ_pytest/apeworx_ape:a3f17aa30106474af605bcd25bd2d37def9f73f8,004669175958.dkr.ecr.us-east-1.amazonaws.com/repomate_image_activ_pytest/apeworx_ape:a3f17aa30106474af605bcd25bd2d37def9f73f8
vmvm-registry.fbinfra.net/repomate_image_activ_pytest/appcarver_viki-va:99ea5e690e2e0b4c9199f0d5893e80ce251d11a1,004669175958.dkr.ecr.us-east-1.amazonaws.com/repomate_image_activ_pytest/appcarver_viki-va:99ea5e690e2e0b4c9199f0d5893e80ce251d11a1
vmvm-registry.fbinfra.net/repomate_image_activ_pytest/broadinstitute_cellbender:516dbadf7a70641e3306dbd5b41eb7c14d224953,004669175958.dkr.ecr.us-east-1.amazonaws.com/repomate_image_activ_pytest/broadinstitute_cellbender:516dbadf7a70641e3306dbd5b41eb7c14d224953
vmvm-registry.fbinfra.net/repomate_image_activ_pytest/caracal-pipeline_stimela:cdd6d8f90b910e7e7110052c87288cc53cd6c575,004669175958.dkr.ecr.us-east-1.amazonaws.com/repomate_image_activ_pytest/caracal-pipeline_stimela:cdd6d8f90b910e7e7110052c87288cc53cd6c575
vmvm-registry.fbinfra.net/repomate_image_activ_pytest/codespell-project_codespell:d1a4de679715e49b6b0f327c20d9460083d86748,004669175958.dkr.ecr.us-east-1.amazonaws.com/repomate_image_activ_pytest/codespell-project_codespell:d1a4de679715e49b6b0f327c20d9460083d86748
vmvm-registry.fbinfra.net/repomate_image_activ_pytest/dask-contrib_dask-awkward:050b9dba0113961bafe48f1c77c8e264175050c2,004669175958.dkr.ecr.us-east-1.amazonaws.com/repomate_image_activ_pytest/dask-contrib_dask-awkward:050b9dba0113961bafe48f1c77c8e264175050c2
vmvm-registry.fbinfra.net/repomate_image_activ_pytest/dirac-institute_sorcha:63f16b8316f10f8b92b65623cc3f6f4ee0cc604f,004669175958.dkr.ecr.us-east-1.amazonaws.com/repomate_image_activ_pytest/dirac-institute_sorcha:63f16b8316f10f8b92b65623cc3f6f4ee0cc604f
vmvm-registry.fbinfra.net/repomate_image_activ_pytest/dubstar-04_liblathe:6ac1a9f34ff8980af6a0033ebe6f693df9b3a653,004669175958.dkr.ecr.us-east-1.amazonaws.com/repomate_image_activ_pytest/dubstar-04_liblathe:6ac1a9f34ff8980af6a0033ebe6f693df9b3a653
vmvm-registry.fbinfra.net/repomate_image_activ_pytest/earthlab_abc-classroom:40737019b2287f3e19176686c3f96c38d36ad400,004669175958.dkr.ecr.us-east-1.amazonaws.com/repomate_image_activ_pytest/earthlab_abc-classroom:40737019b2287f3e19176686c3f96c38d36ad400
vmvm-registry.fbinfra.net/repomate_image_activ_pytest/ekwan_pyplate:327942da906aa2cff48e9796029ff9e73a2594b7,004669175958.dkr.ecr.us-east-1.amazonaws.com/repomate_image_activ_pytest/ekwan_pyplate:327942da906aa2cff48e9796029ff9e73a2594b7
vmvm-registry.fbinfra.net/repomate_image_activ_pytest/eleutherai_lm-evaluation-harness:2820042d05e91c87852c82293f8973dc841c1a25,004669175958.dkr.ecr.us-east-1.amazonaws.com/repomate_image_activ_pytest/eleutherai_lm-evaluation-harness:2820042d05e91c87852c82293f8973dc841c1a25
vmvm-registry.fbinfra.net/repomate_image_activ_pytest/equinor_subscript:b449cd5593d8c9da39300224ddcf5ec85056164b,004669175958.dkr.ecr.us-east-1.amazonaws.com/repomate_image_activ_pytest/equinor_subscript:b449cd5593d8c9da39300224ddcf5ec85056164b
vmvm-registry.fbinfra.net/repomate_image_activ_pytest/fonttools_fonttools:5ac1e5bc1acdca959939ab85e744466cccc30c6e,004669175958.dkr.ecr.us-east-1.amazonaws.com/repomate_image_activ_pytest/fonttools_fonttools:5ac1e5bc1acdca959939ab85e744466cccc30c6e
vmvm-registry.fbinfra.net/repomate_image_activ_pytest/fsspec_filesystem_spec:ac830a007a16ccceaf7b0eef5c7e13d57840e6c6,004669175958.dkr.ecr.us-east-1.amazonaws.com/repomate_image_activ_pytest/fsspec_filesystem_spec:ac830a007a16ccceaf7b0eef5c7e13d57840e6c6
vmvm-registry.fbinfra.net/repomate_image_activ_pytest/grafana_pysigma-backend-loki:8fe9b597b944676e073c84320bced362bff87fbc,004669175958.dkr.ecr.us-east-1.amazonaws.com/repomate_image_activ_pytest/grafana_pysigma-backend-loki:8fe9b597b944676e073c84320bced362bff87fbc
vmvm-registry.fbinfra.net/repomate_image_activ_pytest/haidaram_ansible-playbook-grapher:549d44dfc27410cec9725ab0465d5e65d7e59b05,004669175958.dkr.ecr.us-east-1.amazonaws.com/repomate_image_activ_pytest/haidaram_ansible-playbook-grapher:549d44dfc27410cec9725ab0465d5e65d7e59b05
vmvm-registry.fbinfra.net/repomate_image_activ_pytest/handley-lab_lsbi:810e6442b609c7fd7050da88de0361913e155081,004669175958.dkr.ecr.us-east-1.amazonaws.com/repomate_image_activ_pytest/handley-lab_lsbi:810e6442b609c7fd7050da88de0361913e155081
vmvm-registry.fbinfra.net/repomate_image_activ_pytest/jstasiak_python-zeroconf:bf0e867ead1e48e05a27fe8db69900d9dc387ea2,004669175958.dkr.ecr.us-east-1.amazonaws.com/repomate_image_activ_pytest/jstasiak_python-zeroconf:bf0e867ead1e48e05a27fe8db69900d9dc387ea2
vmvm-registry.fbinfra.net/repomate_image_activ_pytest/jupyterhub_the-littlest-jupyterhub:05ed42a0b1d5e26bc6c4ddfd2c45844b9335e4b4,004669175958.dkr.ecr.us-east-1.amazonaws.com/repomate_image_activ_pytest/jupyterhub_the-littlest-jupyterhub:05ed42a0b1d5e26bc6c4ddfd2c45844b9335e4b4
vmvm-registry.fbinfra.net/repomate_image_activ_pytest/liesel-devs_liesel:0eb30cd90a064b769e27f13037a8b0353d9fccdf,004669175958.dkr.ecr.us-east-1.amazonaws.com/repomate_image_activ_pytest/liesel-devs_liesel:0eb30cd90a064b769e27f13037a8b0353d9fccdf
vmvm-registry.fbinfra.net/repomate_image_activ_pytest/matchms_matchms:6eab7b1ad4f1a293dbfe4a1f2dc5e8242762048a,004669175958.dkr.ecr.us-east-1.amazonaws.com/repomate_image_activ_pytest/matchms_matchms:6eab7b1ad4f1a293dbfe4a1f2dc5e8242762048a
vmvm-registry.fbinfra.net/repomate_image_activ_pytest/mesmer-group_mesmer:338275509499ca8f3755dfc678167afb86e8e1e8,004669175958.dkr.ecr.us-east-1.amazonaws.com/repomate_image_activ_pytest/mesmer-group_mesmer:338275509499ca8f3755dfc678167afb86e8e1e8
vmvm-registry.fbinfra.net/repomate_image_activ_pytest/mit-ll-responsible-ai_hydra-zen:028fd542e657b6700dc8a8fe7f3622c7aa1ee596,004669175958.dkr.ecr.us-east-1.amazonaws.com/repomate_image_activ_pytest/mit-ll-responsible-ai_hydra-zen:028fd542e657b6700dc8a8fe7f3622c7aa1ee596
vmvm-registry.fbinfra.net/repomate_image_activ_pytest/mozilla-mobile_relbot:07e972eeb6f1ec1bdb632ef04fee140484bfbc91,004669175958.dkr.ecr.us-east-1.amazonaws.com/repomate_image_activ_pytest/mozilla-mobile_relbot:07e972eeb6f1ec1bdb632ef04fee140484bfbc91
vmvm-registry.fbinfra.net/repomate_image_activ_pytest/mozilla-releng_mozapkpublisher:aba32a2dd9511f5c7e9bd5094c6aae68a0206b2b,004669175958.dkr.ecr.us-east-1.amazonaws.com/repomate_image_activ_pytest/mozilla-releng_mozapkpublisher:aba32a2dd9511f5c7e9bd5094c6aae68a0206b2b
vmvm-registry.fbinfra.net/repomate_image_activ_pytest/nbqa-dev_nbqa:fe534c9617ddffe7f89403023a033f7ef6cc59c0,004669175958.dkr.ecr.us-east-1.amazonaws.com/repomate_image_activ_pytest/nbqa-dev_nbqa:fe534c9617ddffe7f89403023a033f7ef6cc59c0
vmvm-registry.fbinfra.net/repomate_image_activ_pytest/nickwedzinga_blekingepogo:b02dd202cb8c905576d8ae7c82d4e0bec73faf8a,004669175958.dkr.ecr.us-east-1.amazonaws.com/repomate_image_activ_pytest/nickwedzinga_blekingepogo:b02dd202cb8c905576d8ae7c82d4e0bec73faf8a
vmvm-registry.fbinfra.net/repomate_image_activ_pytest/p8-team_pi:75e8a71479427c80c6fa050dca634b8d6c0f3783,004669175958.dkr.ecr.us-east-1.amazonaws.com/repomate_image_activ_pytest/p8-team_pi:75e8a71479427c80c6fa050dca634b8d6c0f3783
vmvm-registry.fbinfra.net/repomate_image_activ_pytest/pawel-czyz_bmi:afffa75f9629c3ceb3bd59e4e0d9782bd0f6e3d7,004669175958.dkr.ecr.us-east-1.amazonaws.com/repomate_image_activ_pytest/pawel-czyz_bmi:afffa75f9629c3ceb3bd59e4e0d9782bd0f6e3d7
vmvm-registry.fbinfra.net/repomate_image_activ_pytest/plantandfoodresearch_mchap:d76787377c35f6f01cdd8811e64de767292d3a12,004669175958.dkr.ecr.us-east-1.amazonaws.com/repomate_image_activ_pytest/plantandfoodresearch_mchap:d76787377c35f6f01cdd8811e64de767292d3a12
vmvm-registry.fbinfra.net/repomate_image_activ_pytest/project-codeflare_codeflare-sdk:415b0554ebe7e27307ac26da77d4367e76e02426,004669175958.dkr.ecr.us-east-1.amazonaws.com/repomate_image_activ_pytest/project-codeflare_codeflare-sdk:415b0554ebe7e27307ac26da77d4367e76e02426
vmvm-registry.fbinfra.net/repomate_image_activ_pytest/projectmesa_mesa:b0a36ecb1f7178aefd6c1c8ed86c53e56baa86c8,004669175958.dkr.ecr.us-east-1.amazonaws.com/repomate_image_activ_pytest/projectmesa_mesa:b0a36ecb1f7178aefd6c1c8ed86c53e56baa86c8
vmvm-registry.fbinfra.net/repomate_image_activ_pytest/pvs-hd-tea_pytypes:5f170b3b747a0e653d686f990aabf07ee47e2d1a,004669175958.dkr.ecr.us-east-1.amazonaws.com/repomate_image_activ_pytest/pvs-hd-tea_pytypes:5f170b3b747a0e653d686f990aabf07ee47e2d1a
vmvm-registry.fbinfra.net/repomate_image_activ_pytest/pyjobshop_pyjobshop:701d1ed57dad4196854d9c7577f54d93e2d2cc0f,004669175958.dkr.ecr.us-east-1.amazonaws.com/repomate_image_activ_pytest/pyjobshop_pyjobshop:701d1ed57dad4196854d9c7577f54d93e2d2cc0f
vmvm-registry.fbinfra.net/repomate_image_activ_pytest/python-cachier_cachier:494bffed0b87ab76b6a2b5c327b53534e921f8d7,004669175958.dkr.ecr.us-east-1.amazonaws.com/repomate_image_activ_pytest/python-cachier_cachier:494bffed0b87ab76b6a2b5c327b53534e921f8d7
vmvm-registry.fbinfra.net/repomate_image_activ_pytest/python-cachier_cachier:b453aa5398e2799c0e823285df88673147c712fe,004669175958.dkr.ecr.us-east-1.amazonaws.com/repomate_image_activ_pytest/python-cachier_cachier:b453aa5398e2799c0e823285df88673147c712fe
vmvm-registry.fbinfra.net/repomate_image_activ_pytest/pythonecuador_lira:019f2cbbe467335706291538e74f84111214e955,004669175958.dkr.ecr.us-east-1.amazonaws.com/repomate_image_activ_pytest/pythonecuador_lira:019f2cbbe467335706291538e74f84111214e955
vmvm-registry.fbinfra.net/repomate_image_activ_pytest/python_mypy:b49be105d2940e3a0607f5ec76f519931b0d0a08,004669175958.dkr.ecr.us-east-1.amazonaws.com/repomate_image_activ_pytest/python_mypy:b49be105d2940e3a0607f5ec76f519931b0d0a08
vmvm-registry.fbinfra.net/repomate_image_activ_pytest/python_mypy:ccf05db67f6f99878c73eb902fc59a6f037b18a6,004669175958.dkr.ecr.us-east-1.amazonaws.com/repomate_image_activ_pytest/python_mypy:ccf05db67f6f99878c73eb902fc59a6f037b18a6
vmvm-registry.fbinfra.net/repomate_image_activ_pytest/qazalbash_jaxampler:851fbc179a981a6c0dfdb9f6cd4d6ab98e9ee6c2,004669175958.dkr.ecr.us-east-1.amazonaws.com/repomate_image_activ_pytest/qazalbash_jaxampler:851fbc179a981a6c0dfdb9f6cd4d6ab98e9ee6c2
vmvm-registry.fbinfra.net/repomate_image_activ_pytest/quantumlib_qualtran:49ad0e3e062d4d90e83a09bbcaf39bb0679a553f,004669175958.dkr.ecr.us-east-1.amazonaws.com/repomate_image_activ_pytest/quantumlib_qualtran:49ad0e3e062d4d90e83a09bbcaf39bb0679a553f
vmvm-registry.fbinfra.net/repomate_image_activ_pytest/sdv-dev_sdv:0e39f0f9490b704fe3e9bf48d2795cca8870c341,004669175958.dkr.ecr.us-east-1.amazonaws.com/repomate_image_activ_pytest/sdv-dev_sdv:0e39f0f9490b704fe3e9bf48d2795cca8870c341
vmvm-registry.fbinfra.net/repomate_image_activ_pytest/sonic182_aiosonic:5627c4ec28063036885ed211224c3861cd5ed8dd,004669175958.dkr.ecr.us-east-1.amazonaws.com/repomate_image_activ_pytest/sonic182_aiosonic:5627c4ec28063036885ed211224c3861cd5ed8dd
vmvm-registry.fbinfra.net/repomate_image_activ_pytest/sqlfluff_sqlfluff:778271bcd548dd4f62cf03db4bf9f4086bee8e95,004669175958.dkr.ecr.us-east-1.amazonaws.com/repomate_image_activ_pytest/sqlfluff_sqlfluff:778271bcd548dd4f62cf03db4bf9f4086bee8e95
vmvm-registry.fbinfra.net/repomate_image_activ_pytest/sqlfluff_sqlfluff:98990e93e306b87be3ee38622c62018b5e1e8ed2,004669175958.dkr.ecr.us-east-1.amazonaws.com/repomate_image_activ_pytest/sqlfluff_sqlfluff:98990e93e306b87be3ee38622c62018b5e1e8ed2
vmvm-registry.fbinfra.net/repomate_image_activ_pytest/ubermag_oommfc:020737a38fe4904b227201591d4fddad685352c8,004669175958.dkr.ecr.us-east-1.amazonaws.com/repomate_image_activ_pytest/ubermag_oommfc:020737a38fe4904b227201591d4fddad685352c8
vmvm-registry.fbinfra.net/repomate_image_activ_pytest/zimmermangroup_py-conformational-sampling:9ec492e5ca2df88e4ce3a430d06b4c138b223341,004669175958.dkr.ecr.us-east-1.amazonaws.com/repomate_image_activ_pytest/zimmermangroup_py-conformational-sampling:9ec492e5ca2df88e4ce3a430d06b4c138b223341
vmvm-registry.fbinfra.net/repomate_image_activ_python_unittest/qiskit_qiskit-dynamics:96b9b6adcc4fe92098b69b3e719b8c3399a5c614,004669175958.dkr.ecr.us-east-1.amazonaws.com/repomate_image_activ_python_unittest/qiskit_qiskit-dynamics:96b9b6adcc4fe92098b69b3e719b8c3399a5c614
vmvm-registry.fbinfra.net/repomate_image_activ_python_unittest/qiskit_qiskit-dynamics:cf8063ce3436a2ce778bd41d486cde765aa2369d,004669175958.dkr.ecr.us-east-1.amazonaws.com/repomate_image_activ_python_unittest/qiskit_qiskit-dynamics:cf8063ce3436a2ce778bd41d486cde765aa2369d
vmvm-registry.fbinfra.net/repomate_image_activ_python_unittest/streamlink_streamlink:87743e631d9de61a63855a9d91a51170ee8587a1,004669175958.dkr.ecr.us-east-1.amazonaws.com/repomate_image_activ_python_unittest/streamlink_streamlink:87743e631d9de61a63855a9d91a51170ee8587a1
vmvm-registry.fbinfra.net/repomate_image_activ_python_unittest/tatuylonen_wikitextprocessor:c139e3a02ea783ab39010f57f7a7baf829429a08,004669175958.dkr.ecr.us-east-1.amazonaws.com/repomate_image_activ_python_unittest/tatuylonen_wikitextprocessor:c139e3a02ea783ab39010f57f7a7baf829429a08
vmvm-registry.fbinfra.net/repomate_image_activ_unity/varnishcache_varnish-cache:dfbc77ac546aa1d86b6fa410bcd8f293d2453c37,004669175958.dkr.ecr.us-east-1.amazonaws.com/repomate_image_activ_unity/varnishcache_varnish-cache:dfbc77ac546aa1d86b6fa410bcd8f293d2453c37
vmvm-registry.fbinfra.net/repomate/swe-smith/pr-mirroring/prod/asvanberg_donkey/asvanberg__donkey-32:341f99f0,004669175958.dkr.ecr.us-east-1.amazonaws.com/repomate/swe-smith/pr-mirroring/prod/asvanberg_donkey/asvanberg_donkey-32:341f99f0
vmvm-registry.fbinfra.net/repomate/swe-smith/pr-mirroring/prod/avioconsulting_mule-opentelemetry-module/avioconsulting__mule-opentelemetry-module-101:e556533f,004669175958.dkr.ecr.us-east-1.amazonaws.com/repomate/swe-smith/pr-mirroring/prod/avioconsulting_mule-opentelemetry-module/avioconsulting_mule-opentelemetry-module-101:e556533f
vmvm-registry.fbinfra.net/repomate/swe-smith/pr-mirroring/prod/ay2425s1-cs2103t-t11-2_tp/ay2425s1-cs2103t-t11-2__tp-216:1bae4406,004669175958.dkr.ecr.us-east-1.amazonaws.com/repomate/swe-smith/pr-mirroring/prod/ay2425s1-cs2103t-t11-2_tp/ay2425s1-cs2103t-t11-2_tp-216:1bae4406
vmvm-registry.fbinfra.net/repomate/swe-smith/pr-mirroring/prod/ay2425s1-cs2103t-w14-2_tp/ay2425s1-cs2103t-w14-2__tp-292:677670f4,004669175958.dkr.ecr.us-east-1.amazonaws.com/repomate/swe-smith/pr-mirroring/prod/ay2425s1-cs2103t-w14-2_tp/ay2425s1-cs2103t-w14-2_tp-292:677670f4
vmvm-registry.fbinfra.net/repomate/swe-smith/pr-mirroring/prod/bank2ynab_bank2ynab/bank2ynab__bank2ynab-262:6789c7d6,004669175958.dkr.ecr.us-east-1.amazonaws.com/repomate/swe-smith/pr-mirroring/prod/bank2ynab_bank2ynab/bank2ynab_bank2ynab-262:6789c7d6
vmvm-registry.fbinfra.net/repomate/swe-smith/pr-mirroring/prod/betodealmeida_shillelagh/betodealmeida__shillelagh-35:8e39a52d,004669175958.dkr.ecr.us-east-1.amazonaws.com/repomate/swe-smith/pr-mirroring/prod/betodealmeida_shillelagh/betodealmeida_shillelagh-35:8e39a52d
vmvm-registry.fbinfra.net/repomate/swe-smith/pr-mirroring/prod/bkiers_liqp/bkiers__liqp-300:4d5600c2,004669175958.dkr.ecr.us-east-1.amazonaws.com/repomate/swe-smith/pr-mirroring/prod/bkiers_liqp/bkiers_liqp-300:4d5600c2
vmvm-registry.fbinfra.net/repomate/swe-smith/pr-mirroring/prod/cacharle_c_formatter_42/cacharle__c_formatter_42-12:4b61fa24,004669175958.dkr.ecr.us-east-1.amazonaws.com/repomate/swe-smith/pr-mirroring/prod/cacharle_c_formatter_42/cacharle_c_formatter_42-12:4b61fa24
vmvm-registry.fbinfra.net/repomate/swe-smith/pr-mirroring/prod/checkstyle_checkstyle/checkstyle__checkstyle-13207:7e3c9ca9,004669175958.dkr.ecr.us-east-1.amazonaws.com/repomate/swe-smith/pr-mirroring/prod/checkstyle_checkstyle/checkstyle_checkstyle-13207:7e3c9ca9
vmvm-registry.fbinfra.net/repomate/swe-smith/pr-mirroring/prod/checkstyle_checkstyle/checkstyle__checkstyle-8175:c80ac008,004669175958.dkr.ecr.us-east-1.amazonaws.com/repomate/swe-smith/pr-mirroring/prod/checkstyle_checkstyle/checkstyle_checkstyle-8175:c80ac008
vmvm-registry.fbinfra.net/repomate/swe-smith/pr-mirroring/prod/discord4j_discord-json/discord4j__discord-json-72:f55c065c,004669175958.dkr.ecr.us-east-1.amazonaws.com/repomate/swe-smith/pr-mirroring/prod/discord4j_discord-json/discord4j_discord-json-72:f55c065c
vmvm-registry.fbinfra.net/repomate/swe-smith/pr-mirroring/prod/gitit-cuk_server/gitit-cuk__server-9:8a1c9d28,004669175958.dkr.ecr.us-east-1.amazonaws.com/repomate/swe-smith/pr-mirroring/prod/gitit-cuk_server/gitit-cuk_server-9:8a1c9d28
vmvm-registry.fbinfra.net/repomate/swe-smith/pr-mirroring/prod/gocolly_colly/gocolly__colly-588:a888c12a,004669175958.dkr.ecr.us-east-1.amazonaws.com/repomate/swe-smith/pr-mirroring/prod/gocolly_colly/gocolly_colly-588:a888c12a
vmvm-registry.fbinfra.net/repomate/swe-smith/pr-mirroring/prod/jamhall_s3rver/jamhall__s3rver-419:e4d6161d,004669175958.dkr.ecr.us-east-1.amazonaws.com/repomate/swe-smith/pr-mirroring/prod/jamhall_s3rver/jamhall_s3rver-419:e4d6161d
vmvm-registry.fbinfra.net/repomate/swe-smith/pr-mirroring/prod/josa42_coc-go/josa42__coc-go-86:38b0b303,004669175958.dkr.ecr.us-east-1.amazonaws.com/repomate/swe-smith/pr-mirroring/prod/josa42_coc-go/josa42_coc-go-86:38b0b303
vmvm-registry.fbinfra.net/repomate/swe-smith/pr-mirroring/prod/kouki-dan_git-issue-release/kouki-dan__git-issue-release-38:15e7ba57,004669175958.dkr.ecr.us-east-1.amazonaws.com/repomate/swe-smith/pr-mirroring/prod/kouki-dan_git-issue-release/kouki-dan_git-issue-release-38:15e7ba57
vmvm-registry.fbinfra.net/repomate/swe-smith/pr-mirroring/prod/krok-o_krok/krok-o__krok-135:7f2a34f8,004669175958.dkr.ecr.us-east-1.amazonaws.com/repomate/swe-smith/pr-mirroring/prod/krok-o_krok/krok-o_krok-135:7f2a34f8
vmvm-registry.fbinfra.net/repomate/swe-smith/pr-mirroring/prod/mapbox_rio-color/mapbox__rio-color-56:e8502834,004669175958.dkr.ecr.us-east-1.amazonaws.com/repomate/swe-smith/pr-mirroring/prod/mapbox_rio-color/mapbox_rio-color-56:e8502834
vmvm-registry.fbinfra.net/repomate/swe-smith/pr-mirroring/prod/marcuslull_auth/marcuslull__auth-71:1f194821,004669175958.dkr.ecr.us-east-1.amazonaws.com/repomate/swe-smith/pr-mirroring/prod/marcuslull_auth/marcuslull_auth-71:1f194821
vmvm-registry.fbinfra.net/repomate/swe-smith/pr-mirroring/prod/opencontainers_runtime-tools/opencontainers__runtime-tools-678:830bce2e,004669175958.dkr.ecr.us-east-1.amazonaws.com/repomate/swe-smith/pr-mirroring/prod/opencontainers_runtime-tools/opencontainers_runtime-tools-678:830bce2e
vmvm-registry.fbinfra.net/repomate/swe-smith/pr-mirroring/prod/pyomo_pyomo/pyomo__pyomo-2879:d7e7df54,004669175958.dkr.ecr.us-east-1.amazonaws.com/repomate/swe-smith/pr-mirroring/prod/pyomo_pyomo/pyomo_pyomo-2879:d7e7df54
vmvm-registry.fbinfra.net/repomate/swe-smith/pr-mirroring/prod/python-lsp_python-lsp-server/python-lsp__python-lsp-server-51:cfe79945,004669175958.dkr.ecr.us-east-1.amazonaws.com/repomate/swe-smith/pr-mirroring/prod/python-lsp_python-lsp-server/python-lsp_python-lsp-server-51:cfe79945
vmvm-registry.fbinfra.net/repomate/swe-smith/pr-mirroring/prod/rmjarvis_piff/rmjarvis__piff-93:5ff8a886,004669175958.dkr.ecr.us-east-1.amazonaws.com/repomate/swe-smith/pr-mirroring/prod/rmjarvis_piff/rmjarvis_piff-93:5ff8a886
vmvm-registry.fbinfra.net/repomate/swe-smith/pr-mirroring/prod/salesflare_joi-phone-number/salesflare__joi-phone-number-77:4d1d305d,004669175958.dkr.ecr.us-east-1.amazonaws.com/repomate/swe-smith/pr-mirroring/prod/salesflare_joi-phone-number/salesflare_joi-phone-number-77:4d1d305d
vmvm-registry.fbinfra.net/repomate/swe-smith/pr-mirroring/prod/saltyrtc_chunked-dc-java/saltyrtc__chunked-dc-java-3:8ef04c29,004669175958.dkr.ecr.us-east-1.amazonaws.com/repomate/swe-smith/pr-mirroring/prod/saltyrtc_chunked-dc-java/saltyrtc_chunked-dc-java-3:8ef04c29
vmvm-registry.fbinfra.net/repomate/swe-smith/pr-mirroring/prod/scalingo_link/scalingo__link-119:caf14cf4,004669175958.dkr.ecr.us-east-1.amazonaws.com/repomate/swe-smith/pr-mirroring/prod/scalingo_link/scalingo_link-119:caf14cf4
vmvm-registry.fbinfra.net/repomate/swe-smith/pr-mirroring/prod/sdv-dev_rdt/sdv-dev__rdt-585:6fbe5a41,004669175958.dkr.ecr.us-east-1.amazonaws.com/repomate/swe-smith/pr-mirroring/prod/sdv-dev_rdt/sdv-dev_rdt-585:6fbe5a41
vmvm-registry.fbinfra.net/repomate/swe-smith/pr-mirroring/prod/spinnaker_fiat/spinnaker__fiat-512:ef1e3df0,004669175958.dkr.ecr.us-east-1.amazonaws.com/repomate/swe-smith/pr-mirroring/prod/spinnaker_fiat/spinnaker_fiat-512:ef1e3df0
vmvm-registry.fbinfra.net/repomate/swe-smith/pr-mirroring/prod/strongmind_public-reusable-workflows/strongmind__public-reusable-workflows-5:292736c3,004669175958.dkr.ecr.us-east-1.amazonaws.com/repomate/swe-smith/pr-mirroring/prod/strongmind_public-reusable-workflows/strongmind_public-reusable-workflows-5:292736c3
vmvm-registry.fbinfra.net/repomate/swe-smith/pr-mirroring/prod/suse-enceladus_csp-billing-adapter/suse-enceladus__csp-billing-adapter-92:5033b1e5,004669175958.dkr.ecr.us-east-1.amazonaws.com/repomate/swe-smith/pr-mirroring/prod/suse-enceladus_csp-billing-adapter/suse-enceladus_csp-billing-adapter-92:5033b1e5
vmvm-registry.fbinfra.net/repomate/swe-smith/pr-mirroring/prod/thefriendlycoder_pyjen/thefriendlycoder__pyjen-209:69a9817b,004669175958.dkr.ecr.us-east-1.amazonaws.com/repomate/swe-smith/pr-mirroring/prod/thefriendlycoder_pyjen/thefriendlycoder_pyjen-209:69a9817b
vmvm-registry.fbinfra.net/repomate/swe-smith/pr-mirroring/prod/thp_urlwatch/thp__urlwatch-455:bbab3743,004669175958.dkr.ecr.us-east-1.amazonaws.com/repomate/swe-smith/pr-mirroring/prod/thp_urlwatch/thp_urlwatch-455:bbab3743
vmvm-registry.fbinfra.net/repomate/swe-smith/pr-mirroring/prod/utarwyn_discord-tictactoe/utarwyn__discord-tictactoe-537:243c6acc,004669175958.dkr.ecr.us-east-1.amazonaws.com/repomate/swe-smith/pr-mirroring/prod/utarwyn_discord-tictactoe/utarwyn_discord-tictactoe-537:243c6acc
vmvm-registry.fbinfra.net/repomate/swe-smith/pr-mirroring/prod/validatorjs_validator.js/validatorjs__validator_js-2231:9ba17356,004669175958.dkr.ecr.us-east-1.amazonaws.com/repomate/swe-smith/pr-mirroring/prod/validatorjs_validator.js/validatorjs_validator_js-2231:9ba17356
